<?xml version="1.0" encoding="UTF-8"?>
<mxfile host="app.diagrams.net" agent="Mozilla/5.0 (Windows NT 10.0; Win64; x64) AppleWebKit/537.36 (KHTML, like Gecko) Chrome/140.0.0.0 Safari/537.36" version="28.2.3" pages="5">
  <diagram name="IDEF0-A1" id="EWLxFvS97Hh1W1VChuOG">
    <mxGraphModel dx="1665" dy="785" grid="1" gridSize="10" guides="1" tooltips="1" connect="1" arrows="1" fold="1" page="1" pageScale="1" pageWidth="850" pageHeight="1100" math="0" shadow="0">
      <root>
        <mxCell id="0" />
        <mxCell id="1" parent="0" />
        <mxCell id="4sqpDt3XXyZuXnuE8Xxn-1" value="" style="rounded=0;whiteSpace=wrap;html=1;" parent="1" vertex="1">
          <mxGeometry x="275" y="310" width="300" height="110" as="geometry" />
        </mxCell>
        <mxCell id="4sqpDt3XXyZuXnuE8Xxn-2" value="" style="endArrow=classic;html=1;rounded=0;fontSize=12;startSize=8;endSize=8;curved=1;" parent="1" edge="1">
          <mxGeometry width="50" height="50" relative="1" as="geometry">
            <mxPoint x="180" y="320" as="sourcePoint" />
            <mxPoint x="275" y="320" as="targetPoint" />
          </mxGeometry>
        </mxCell>
        <mxCell id="4sqpDt3XXyZuXnuE8Xxn-3" value="" style="endArrow=classic;html=1;rounded=0;fontSize=12;startSize=8;endSize=8;curved=1;" parent="1" edge="1">
          <mxGeometry width="50" height="50" relative="1" as="geometry">
            <mxPoint x="180" y="350" as="sourcePoint" />
            <mxPoint x="275" y="350" as="targetPoint" />
          </mxGeometry>
        </mxCell>
        <mxCell id="4sqpDt3XXyZuXnuE8Xxn-4" value="" style="endArrow=classic;html=1;rounded=0;fontSize=12;startSize=8;endSize=8;curved=1;" parent="1" edge="1">
          <mxGeometry width="50" height="50" relative="1" as="geometry">
            <mxPoint x="180" y="380" as="sourcePoint" />
            <mxPoint x="275" y="380" as="targetPoint" />
          </mxGeometry>
        </mxCell>
        <mxCell id="4sqpDt3XXyZuXnuE8Xxn-5" value="" style="endArrow=classic;html=1;rounded=0;fontSize=12;startSize=8;endSize=8;curved=1;" parent="1" edge="1">
          <mxGeometry width="50" height="50" relative="1" as="geometry">
            <mxPoint x="180" y="410" as="sourcePoint" />
            <mxPoint x="275" y="410" as="targetPoint" />
          </mxGeometry>
        </mxCell>
        <mxCell id="4sqpDt3XXyZuXnuE8Xxn-6" value="Racuni" style="text;strokeColor=none;fillColor=none;html=1;align=center;verticalAlign=middle;whiteSpace=wrap;rounded=0;fontSize=16;" parent="1" vertex="1">
          <mxGeometry x="130" y="310" width="40" height="20" as="geometry" />
        </mxCell>
        <mxCell id="4sqpDt3XXyZuXnuE8Xxn-7" value="Slanje novca" style="text;strokeColor=none;fillColor=none;html=1;align=center;verticalAlign=middle;whiteSpace=wrap;rounded=0;fontSize=16;" parent="1" vertex="1">
          <mxGeometry x="70" y="340" width="110" height="20" as="geometry" />
        </mxCell>
        <mxCell id="4sqpDt3XXyZuXnuE8Xxn-8" value="Auto. placanja" style="text;strokeColor=none;fillColor=none;html=1;align=center;verticalAlign=middle;whiteSpace=wrap;rounded=0;fontSize=16;" parent="1" vertex="1">
          <mxGeometry x="65" y="370" width="120" height="20" as="geometry" />
        </mxCell>
        <mxCell id="4sqpDt3XXyZuXnuE8Xxn-9" value="Povratne info.&lt;span style=&quot;background-color: transparent; color: light-dark(rgb(0, 0, 0), rgb(255, 255, 255));&quot;&gt;korisnika&lt;/span&gt;" style="text;strokeColor=none;fillColor=none;html=1;align=center;verticalAlign=middle;whiteSpace=wrap;rounded=0;fontSize=16;" parent="1" vertex="1">
          <mxGeometry x="10" y="400" width="170" height="20" as="geometry" />
        </mxCell>
        <mxCell id="4sqpDt3XXyZuXnuE8Xxn-10" value="" style="endArrow=classic;html=1;rounded=0;fontSize=12;startSize=8;endSize=8;curved=1;" parent="1" edge="1">
          <mxGeometry width="50" height="50" relative="1" as="geometry">
            <mxPoint x="575" y="330" as="sourcePoint" />
            <mxPoint x="650" y="330" as="targetPoint" />
          </mxGeometry>
        </mxCell>
        <mxCell id="4sqpDt3XXyZuXnuE8Xxn-11" value="" style="endArrow=classic;html=1;rounded=0;fontSize=12;startSize=8;endSize=8;curved=1;" parent="1" edge="1">
          <mxGeometry width="50" height="50" relative="1" as="geometry">
            <mxPoint x="575" y="364.71" as="sourcePoint" />
            <mxPoint x="650" y="364.71" as="targetPoint" />
          </mxGeometry>
        </mxCell>
        <mxCell id="4sqpDt3XXyZuXnuE8Xxn-12" value="" style="endArrow=classic;html=1;rounded=0;fontSize=12;startSize=8;endSize=8;curved=1;" parent="1" source="4sqpDt3XXyZuXnuE8Xxn-15" edge="1">
          <mxGeometry width="50" height="50" relative="1" as="geometry">
            <mxPoint x="575" y="400" as="sourcePoint" />
            <mxPoint x="650" y="400" as="targetPoint" />
          </mxGeometry>
        </mxCell>
        <mxCell id="4sqpDt3XXyZuXnuE8Xxn-13" value="Izvestaji o kvalitetu" style="text;strokeColor=none;fillColor=none;html=1;align=center;verticalAlign=middle;whiteSpace=wrap;rounded=0;fontSize=16;" parent="1" vertex="1">
          <mxGeometry x="640" y="320" width="170" height="20" as="geometry" />
        </mxCell>
        <mxCell id="4sqpDt3XXyZuXnuE8Xxn-14" value="Poboljsani procesi i funkcionalnosti aplikacije" style="text;strokeColor=none;fillColor=none;html=1;align=center;verticalAlign=middle;whiteSpace=wrap;rounded=0;fontSize=16;" parent="1" vertex="1">
          <mxGeometry x="650" y="355" width="330" height="20" as="geometry" />
        </mxCell>
        <mxCell id="4sqpDt3XXyZuXnuE8Xxn-15" value="Zadovoljni korisnici" style="text;strokeColor=none;fillColor=none;html=1;align=center;verticalAlign=middle;whiteSpace=wrap;rounded=0;fontSize=16;" parent="1" vertex="1">
          <mxGeometry x="580" y="390" width="350" height="20" as="geometry" />
        </mxCell>
        <mxCell id="4sqpDt3XXyZuXnuE8Xxn-16" value="Upravljanje kvalitetom u online placanju" style="text;strokeColor=none;fillColor=none;html=1;align=center;verticalAlign=middle;whiteSpace=wrap;rounded=0;fontSize=16;" parent="1" vertex="1">
          <mxGeometry x="340" y="325" width="180" height="80" as="geometry" />
        </mxCell>
        <mxCell id="4sqpDt3XXyZuXnuE8Xxn-17" value="" style="endArrow=classic;html=1;rounded=0;fontSize=12;startSize=8;endSize=8;curved=1;" parent="1" edge="1">
          <mxGeometry width="50" height="50" relative="1" as="geometry">
            <mxPoint x="320" y="310" as="sourcePoint" />
            <mxPoint x="320" y="220" as="targetPoint" />
          </mxGeometry>
        </mxCell>
        <mxCell id="4sqpDt3XXyZuXnuE8Xxn-18" value="" style="endArrow=classic;html=1;rounded=0;fontSize=12;startSize=8;endSize=8;curved=1;" parent="1" edge="1">
          <mxGeometry width="50" height="50" relative="1" as="geometry">
            <mxPoint x="530" y="310" as="sourcePoint" />
            <mxPoint x="530" y="220" as="targetPoint" />
          </mxGeometry>
        </mxCell>
        <mxCell id="4sqpDt3XXyZuXnuE8Xxn-19" value="Interni kriterijumi&lt;div&gt;kvaliteta&lt;/div&gt;" style="text;strokeColor=none;fillColor=none;html=1;align=center;verticalAlign=middle;whiteSpace=wrap;rounded=0;fontSize=16;" parent="1" vertex="1">
          <mxGeometry x="440" y="190" width="170" height="20" as="geometry" />
        </mxCell>
        <mxCell id="4sqpDt3XXyZuXnuE8Xxn-20" style="edgeStyle=none;curved=1;rounded=0;orthogonalLoop=1;jettySize=auto;html=1;exitX=0.5;exitY=1;exitDx=0;exitDy=0;fontSize=12;startSize=8;endSize=8;" parent="1" source="4sqpDt3XXyZuXnuE8Xxn-19" target="4sqpDt3XXyZuXnuE8Xxn-19" edge="1">
          <mxGeometry relative="1" as="geometry" />
        </mxCell>
        <mxCell id="4sqpDt3XXyZuXnuE8Xxn-21" value="Standardi bezbednosti&lt;div&gt;i regulative (ISO, PCI, DSS)&lt;/div&gt;" style="text;strokeColor=none;fillColor=none;html=1;align=center;verticalAlign=middle;whiteSpace=wrap;rounded=0;fontSize=16;" parent="1" vertex="1">
          <mxGeometry x="220" y="190" width="210" height="20" as="geometry" />
        </mxCell>
        <mxCell id="4sqpDt3XXyZuXnuE8Xxn-22" value="" style="endArrow=classic;html=1;rounded=0;fontSize=12;startSize=8;endSize=8;curved=1;" parent="1" edge="1">
          <mxGeometry width="50" height="50" relative="1" as="geometry">
            <mxPoint x="290" y="510" as="sourcePoint" />
            <mxPoint x="290" y="420" as="targetPoint" />
          </mxGeometry>
        </mxCell>
        <mxCell id="4sqpDt3XXyZuXnuE8Xxn-23" value="" style="endArrow=classic;html=1;rounded=0;fontSize=12;startSize=8;endSize=8;curved=1;" parent="1" edge="1">
          <mxGeometry width="50" height="50" relative="1" as="geometry">
            <mxPoint x="560" y="510" as="sourcePoint" />
            <mxPoint x="560" y="420" as="targetPoint" />
          </mxGeometry>
        </mxCell>
        <mxCell id="4sqpDt3XXyZuXnuE8Xxn-24" value="" style="endArrow=classic;html=1;rounded=0;fontSize=12;startSize=8;endSize=8;curved=1;" parent="1" edge="1">
          <mxGeometry width="50" height="50" relative="1" as="geometry">
            <mxPoint x="410" y="510" as="sourcePoint" />
            <mxPoint x="410" y="420" as="targetPoint" />
          </mxGeometry>
        </mxCell>
        <mxCell id="4sqpDt3XXyZuXnuE8Xxn-25" value="QA tim" style="text;strokeColor=none;fillColor=none;html=1;align=center;verticalAlign=middle;whiteSpace=wrap;rounded=0;fontSize=16;" parent="1" vertex="1">
          <mxGeometry x="210" y="510" width="170" height="20" as="geometry" />
        </mxCell>
        <mxCell id="4sqpDt3XXyZuXnuE8Xxn-26" value="Softverski alati za&amp;nbsp;&lt;div&gt;testiranje / monitoring&lt;/div&gt;" style="text;strokeColor=none;fillColor=none;html=1;align=center;verticalAlign=middle;whiteSpace=wrap;rounded=0;fontSize=16;" parent="1" vertex="1">
          <mxGeometry x="330" y="520" width="170" height="20" as="geometry" />
        </mxCell>
        <mxCell id="4sqpDt3XXyZuXnuE8Xxn-27" value="Log sistemi&amp;nbsp;&lt;div&gt;&amp;amp; baze podataka&lt;/div&gt;" style="text;strokeColor=none;fillColor=none;html=1;align=center;verticalAlign=middle;whiteSpace=wrap;rounded=0;fontSize=16;" parent="1" vertex="1">
          <mxGeometry x="390" y="520" width="350" height="20" as="geometry" />
        </mxCell>
      </root>
    </mxGraphModel>
  </diagram>
  <diagram name="IDEF0-A2" id="5vKHqghmtR70sLSN246C">
    <mxGraphModel dx="2470" dy="2890" grid="1" gridSize="10" guides="1" tooltips="1" connect="1" arrows="1" fold="1" page="0" pageScale="1" pageWidth="850" pageHeight="1100" math="0" shadow="0">
      <root>
        <mxCell id="0" />
        <mxCell id="1" parent="0" />
        <mxCell id="LvYyAWvYQLE32yS0_iCb-1" value="Standardi bezbednosti" style="rounded=0;whiteSpace=wrap;html=1;" vertex="1" parent="1">
          <mxGeometry x="-120" y="-60" width="150" height="60" as="geometry" />
        </mxCell>
        <mxCell id="PO4Eow5rVdIhHwsuGuUI-1" value="" style="endArrow=classic;html=1;rounded=0;fontSize=12;startSize=8;endSize=8;curved=1;" edge="1" parent="1">
          <mxGeometry width="50" height="50" relative="1" as="geometry">
            <mxPoint x="-190" y="-30.48" as="sourcePoint" />
            <mxPoint x="-120" y="-30.48" as="targetPoint" />
          </mxGeometry>
        </mxCell>
        <mxCell id="PO4Eow5rVdIhHwsuGuUI-36" value="" style="edgeStyle=none;curved=1;rounded=0;orthogonalLoop=1;jettySize=auto;html=1;fontSize=12;startSize=8;endSize=8;" edge="1" parent="1" source="PO4Eow5rVdIhHwsuGuUI-2" target="LvYyAWvYQLE32yS0_iCb-1">
          <mxGeometry relative="1" as="geometry" />
        </mxCell>
        <mxCell id="PO4Eow5rVdIhHwsuGuUI-2" value="Interni kriterijumi kvaliteta" style="text;strokeColor=none;fillColor=none;html=1;align=center;verticalAlign=middle;whiteSpace=wrap;rounded=0;fontSize=16;" vertex="1" parent="1">
          <mxGeometry x="-330" y="-45" width="150" height="30" as="geometry" />
        </mxCell>
        <mxCell id="PO4Eow5rVdIhHwsuGuUI-6" value="" style="endArrow=classic;html=1;rounded=0;fontSize=12;startSize=8;endSize=8;curved=1;" edge="1" parent="1">
          <mxGeometry width="50" height="50" relative="1" as="geometry">
            <mxPoint x="30" y="-45" as="sourcePoint" />
            <mxPoint x="210" y="-45" as="targetPoint" />
          </mxGeometry>
        </mxCell>
        <mxCell id="PO4Eow5rVdIhHwsuGuUI-7" value="" style="endArrow=classic;html=1;rounded=0;fontSize=12;startSize=8;endSize=8;curved=1;" edge="1" parent="1">
          <mxGeometry width="50" height="50" relative="1" as="geometry">
            <mxPoint x="30" y="-15" as="sourcePoint" />
            <mxPoint x="370" y="-10" as="targetPoint" />
          </mxGeometry>
        </mxCell>
        <mxCell id="PO4Eow5rVdIhHwsuGuUI-8" value="" style="endArrow=classic;html=1;rounded=0;fontSize=12;startSize=8;endSize=8;curved=1;" edge="1" parent="1">
          <mxGeometry width="50" height="50" relative="1" as="geometry">
            <mxPoint x="-110" y="80" as="sourcePoint" />
            <mxPoint x="-110" as="targetPoint" />
          </mxGeometry>
        </mxCell>
        <mxCell id="PO4Eow5rVdIhHwsuGuUI-9" value="" style="endArrow=classic;html=1;rounded=0;fontSize=12;startSize=8;endSize=8;curved=1;" edge="1" parent="1">
          <mxGeometry width="50" height="50" relative="1" as="geometry">
            <mxPoint x="20" y="80" as="sourcePoint" />
            <mxPoint x="20" as="targetPoint" />
          </mxGeometry>
        </mxCell>
        <mxCell id="PO4Eow5rVdIhHwsuGuUI-10" value="log sistemi" style="text;strokeColor=none;fillColor=none;html=1;align=center;verticalAlign=middle;whiteSpace=wrap;rounded=0;fontSize=16;" vertex="1" parent="1">
          <mxGeometry x="-180" y="80" width="150" height="30" as="geometry" />
        </mxCell>
        <mxCell id="PO4Eow5rVdIhHwsuGuUI-11" value="baze podataka" style="text;strokeColor=none;fillColor=none;html=1;align=center;verticalAlign=middle;whiteSpace=wrap;rounded=0;fontSize=16;" vertex="1" parent="1">
          <mxGeometry x="-50" y="80" width="150" height="30" as="geometry" />
        </mxCell>
        <mxCell id="PO4Eow5rVdIhHwsuGuUI-17" value="QA tim" style="text;strokeColor=none;fillColor=none;html=1;align=center;verticalAlign=middle;whiteSpace=wrap;rounded=0;fontSize=16;" vertex="1" parent="1">
          <mxGeometry x="-170" y="-170" width="150" height="30" as="geometry" />
        </mxCell>
        <mxCell id="PO4Eow5rVdIhHwsuGuUI-18" value="softverski alati" style="text;strokeColor=none;fillColor=none;html=1;align=center;verticalAlign=middle;whiteSpace=wrap;rounded=0;fontSize=16;" vertex="1" parent="1">
          <mxGeometry x="-70" y="-170" width="150" height="30" as="geometry" />
        </mxCell>
        <mxCell id="PO4Eow5rVdIhHwsuGuUI-19" value="" style="endArrow=classic;html=1;rounded=0;fontSize=12;startSize=8;endSize=8;curved=1;" edge="1" parent="1">
          <mxGeometry width="50" height="50" relative="1" as="geometry">
            <mxPoint x="-95.56" y="-60" as="sourcePoint" />
            <mxPoint x="-95.56" y="-140" as="targetPoint" />
          </mxGeometry>
        </mxCell>
        <mxCell id="PO4Eow5rVdIhHwsuGuUI-20" value="" style="endArrow=classic;html=1;rounded=0;fontSize=12;startSize=8;endSize=8;curved=1;" edge="1" parent="1">
          <mxGeometry width="50" height="50" relative="1" as="geometry">
            <mxPoint y="-60" as="sourcePoint" />
            <mxPoint y="-140" as="targetPoint" />
          </mxGeometry>
        </mxCell>
        <mxCell id="PO4Eow5rVdIhHwsuGuUI-21" value="Provereni standardi" style="text;strokeColor=none;fillColor=none;html=1;align=center;verticalAlign=middle;whiteSpace=wrap;rounded=0;fontSize=16;" vertex="1" parent="1">
          <mxGeometry x="40" y="-70" width="150" height="25" as="geometry" />
        </mxCell>
        <mxCell id="PO4Eow5rVdIhHwsuGuUI-22" value="Bezbednostni protokoli" style="text;strokeColor=none;fillColor=none;html=1;align=center;verticalAlign=middle;whiteSpace=wrap;rounded=0;fontSize=16;" vertex="1" parent="1">
          <mxGeometry x="30" y="-40" width="180" height="25" as="geometry" />
        </mxCell>
        <mxCell id="PO4Eow5rVdIhHwsuGuUI-24" value="" style="rounded=0;whiteSpace=wrap;html=1;" vertex="1" parent="1">
          <mxGeometry x="370" y="-15" width="300" height="110" as="geometry" />
        </mxCell>
        <mxCell id="PO4Eow5rVdIhHwsuGuUI-26" value="Upravljanje transakcijama i feedbackom" style="text;strokeColor=none;fillColor=none;html=1;align=center;verticalAlign=middle;whiteSpace=wrap;rounded=0;fontSize=16;" vertex="1" parent="1">
          <mxGeometry x="397.5" y="-30" width="245" height="140" as="geometry" />
        </mxCell>
        <mxCell id="PO4Eow5rVdIhHwsuGuUI-27" value="" style="rounded=0;whiteSpace=wrap;html=1;" vertex="1" parent="1">
          <mxGeometry x="976.25" y="-250" width="320" height="120" as="geometry" />
        </mxCell>
        <mxCell id="PO4Eow5rVdIhHwsuGuUI-28" value="Generisi izvestaje i&amp;nbsp;&lt;div&gt;unapredi procese&lt;/div&gt;" style="text;strokeColor=none;fillColor=none;html=1;align=center;verticalAlign=middle;whiteSpace=wrap;rounded=0;fontSize=16;" vertex="1" parent="1">
          <mxGeometry x="1050" y="-220" width="172.5" height="60" as="geometry" />
        </mxCell>
        <mxCell id="PO4Eow5rVdIhHwsuGuUI-32" value="" style="endArrow=classic;html=1;rounded=0;fontSize=12;startSize=8;endSize=8;curved=1;" edge="1" parent="1">
          <mxGeometry width="50" height="50" relative="1" as="geometry">
            <mxPoint x="1030" y="-250" as="sourcePoint" />
            <mxPoint x="1030" y="-310" as="targetPoint" />
          </mxGeometry>
        </mxCell>
        <mxCell id="PO4Eow5rVdIhHwsuGuUI-33" value="" style="shape=waypoint;sketch=0;fillStyle=solid;size=6;pointerEvents=1;points=[];fillColor=none;resizable=0;rotatable=0;perimeter=centerPerimeter;snapToPoint=1;" vertex="1" parent="1">
          <mxGeometry x="1020" y="-290" width="20" height="20" as="geometry" />
        </mxCell>
        <mxCell id="PO4Eow5rVdIhHwsuGuUI-34" value="" style="shape=waypoint;sketch=0;fillStyle=solid;size=6;pointerEvents=1;points=[];fillColor=none;resizable=0;rotatable=0;perimeter=centerPerimeter;snapToPoint=1;" vertex="1" parent="1">
          <mxGeometry x="1020" y="-290" width="20" height="20" as="geometry" />
        </mxCell>
        <mxCell id="PO4Eow5rVdIhHwsuGuUI-37" value="" style="edgeStyle=none;curved=1;rounded=0;orthogonalLoop=1;jettySize=auto;html=1;fontSize=12;startSize=8;endSize=8;" edge="1" parent="1">
          <mxGeometry relative="1" as="geometry">
            <mxPoint x="310" y="20" as="sourcePoint" />
            <mxPoint x="370" y="20" as="targetPoint" />
          </mxGeometry>
        </mxCell>
        <mxCell id="PO4Eow5rVdIhHwsuGuUI-38" value="" style="edgeStyle=none;curved=1;rounded=0;orthogonalLoop=1;jettySize=auto;html=1;fontSize=12;startSize=8;endSize=8;" edge="1" parent="1">
          <mxGeometry relative="1" as="geometry">
            <mxPoint x="310" y="50" as="sourcePoint" />
            <mxPoint x="370" y="50" as="targetPoint" />
          </mxGeometry>
        </mxCell>
        <mxCell id="PO4Eow5rVdIhHwsuGuUI-39" value="" style="edgeStyle=none;curved=1;rounded=0;orthogonalLoop=1;jettySize=auto;html=1;fontSize=12;startSize=8;endSize=8;" edge="1" parent="1">
          <mxGeometry relative="1" as="geometry">
            <mxPoint x="310" y="79.33" as="sourcePoint" />
            <mxPoint x="370" y="79.33" as="targetPoint" />
          </mxGeometry>
        </mxCell>
        <mxCell id="PO4Eow5rVdIhHwsuGuUI-40" value="Racuni" style="text;strokeColor=none;fillColor=none;html=1;align=center;verticalAlign=middle;whiteSpace=wrap;rounded=0;fontSize=16;" vertex="1" parent="1">
          <mxGeometry x="250" y="10" width="50" height="20" as="geometry" />
        </mxCell>
        <mxCell id="PO4Eow5rVdIhHwsuGuUI-41" value="Zahtevi" style="text;strokeColor=none;fillColor=none;html=1;align=center;verticalAlign=middle;whiteSpace=wrap;rounded=0;fontSize=16;" vertex="1" parent="1">
          <mxGeometry x="250" y="40" width="50" height="20" as="geometry" />
        </mxCell>
        <mxCell id="PO4Eow5rVdIhHwsuGuUI-42" value="Auto.&amp;nbsp;&lt;div&gt;placanja&lt;/div&gt;" style="text;strokeColor=none;fillColor=none;html=1;align=center;verticalAlign=middle;whiteSpace=wrap;rounded=0;fontSize=16;" vertex="1" parent="1">
          <mxGeometry x="230" y="80" width="90" as="geometry" />
        </mxCell>
        <mxCell id="b7xNXUk7TWm-zROpj7NI-1" value="" style="endArrow=classic;html=1;rounded=0;fontSize=12;startSize=8;endSize=8;curved=1;" edge="1" parent="1">
          <mxGeometry width="50" height="50" relative="1" as="geometry">
            <mxPoint x="530" y="140" as="sourcePoint" />
            <mxPoint x="530" y="95" as="targetPoint" />
          </mxGeometry>
        </mxCell>
        <mxCell id="b7xNXUk7TWm-zROpj7NI-2" value="Povratne informacije korisnika" style="text;strokeColor=none;fillColor=none;html=1;align=center;verticalAlign=middle;whiteSpace=wrap;rounded=0;fontSize=16;" vertex="1" parent="1">
          <mxGeometry x="380" y="150" width="290" as="geometry" />
        </mxCell>
        <mxCell id="b7xNXUk7TWm-zROpj7NI-5" value="" style="endArrow=classic;html=1;rounded=0;fontSize=12;startSize=8;endSize=8;curved=1;" edge="1" parent="1">
          <mxGeometry width="50" height="50" relative="1" as="geometry">
            <mxPoint x="410" y="-15" as="sourcePoint" />
            <mxPoint x="410" y="-60" as="targetPoint" />
          </mxGeometry>
        </mxCell>
        <mxCell id="b7xNXUk7TWm-zROpj7NI-6" value="" style="endArrow=classic;html=1;rounded=0;fontSize=12;startSize=8;endSize=8;curved=1;" edge="1" parent="1">
          <mxGeometry width="50" height="50" relative="1" as="geometry">
            <mxPoint x="610" y="-15" as="sourcePoint" />
            <mxPoint x="610" y="-60" as="targetPoint" />
          </mxGeometry>
        </mxCell>
        <mxCell id="b7xNXUk7TWm-zROpj7NI-7" value="Automatizovani sistemi" style="text;strokeColor=none;fillColor=none;html=1;align=center;verticalAlign=middle;whiteSpace=wrap;rounded=0;fontSize=16;" vertex="1" parent="1">
          <mxGeometry x="280" y="-70" width="290" as="geometry" />
        </mxCell>
        <mxCell id="b7xNXUk7TWm-zROpj7NI-8" value="Monitoring alati" style="text;strokeColor=none;fillColor=none;html=1;align=center;verticalAlign=middle;whiteSpace=wrap;rounded=0;fontSize=16;" vertex="1" parent="1">
          <mxGeometry x="460" y="-70" width="290" as="geometry" />
        </mxCell>
        <mxCell id="b7xNXUk7TWm-zROpj7NI-12" value="Obradjene transakcije" style="text;strokeColor=none;fillColor=none;html=1;align=center;verticalAlign=middle;whiteSpace=wrap;rounded=0;fontSize=16;" vertex="1" parent="1">
          <mxGeometry x="610" width="290" as="geometry" />
        </mxCell>
        <mxCell id="b7xNXUk7TWm-zROpj7NI-13" value="Prikupljeni feedback" style="text;strokeColor=none;fillColor=none;html=1;align=center;verticalAlign=middle;whiteSpace=wrap;rounded=0;fontSize=16;" vertex="1" parent="1">
          <mxGeometry x="610" y="60" width="290" as="geometry" />
        </mxCell>
        <mxCell id="b7xNXUk7TWm-zROpj7NI-15" value="" style="edgeStyle=elbowEdgeStyle;elbow=horizontal;endArrow=classic;html=1;curved=0;rounded=0;endSize=8;startSize=8;fontSize=12;entryX=0.125;entryY=0.688;entryDx=0;entryDy=0;entryPerimeter=0;" edge="1" parent="1" target="PO4Eow5rVdIhHwsuGuUI-34">
          <mxGeometry width="50" height="50" relative="1" as="geometry">
            <mxPoint x="230" y="-10" as="sourcePoint" />
            <mxPoint x="740" y="-290" as="targetPoint" />
            <Array as="points">
              <mxPoint x="230" y="-300" />
            </Array>
          </mxGeometry>
        </mxCell>
        <mxCell id="b7xNXUk7TWm-zROpj7NI-18" value="" style="shape=waypoint;sketch=0;fillStyle=solid;size=6;pointerEvents=1;points=[];fillColor=none;resizable=0;rotatable=0;perimeter=centerPerimeter;snapToPoint=1;" vertex="1" parent="1">
          <mxGeometry x="220" y="-20" width="20" height="20" as="geometry" />
        </mxCell>
        <mxCell id="b7xNXUk7TWm-zROpj7NI-19" value="" style="edgeStyle=segmentEdgeStyle;endArrow=classic;html=1;curved=0;rounded=0;endSize=8;startSize=8;fontSize=12;entryX=-0.001;entryY=0.844;entryDx=0;entryDy=0;entryPerimeter=0;" edge="1" parent="1" target="PO4Eow5rVdIhHwsuGuUI-27">
          <mxGeometry width="50" height="50" relative="1" as="geometry">
            <mxPoint x="920" y="80" as="sourcePoint" />
            <mxPoint x="920" y="-150" as="targetPoint" />
            <Array as="points">
              <mxPoint x="920" y="-149" />
            </Array>
          </mxGeometry>
        </mxCell>
        <mxCell id="b7xNXUk7TWm-zROpj7NI-27" value="" style="endArrow=classic;html=1;rounded=0;fontSize=12;startSize=8;endSize=8;curved=1;exitX=1;exitY=0.25;exitDx=0;exitDy=0;" edge="1" parent="1" source="PO4Eow5rVdIhHwsuGuUI-24" target="b7xNXUk7TWm-zROpj7NI-29">
          <mxGeometry width="50" height="50" relative="1" as="geometry">
            <mxPoint x="850" y="50" as="sourcePoint" />
            <mxPoint x="920" y="13" as="targetPoint" />
          </mxGeometry>
        </mxCell>
        <mxCell id="b7xNXUk7TWm-zROpj7NI-28" value="" style="endArrow=classic;html=1;rounded=0;fontSize=12;startSize=8;endSize=8;curved=1;exitX=1;exitY=0.25;exitDx=0;exitDy=0;" edge="1" parent="1">
          <mxGeometry width="50" height="50" relative="1" as="geometry">
            <mxPoint x="670" y="80" as="sourcePoint" />
            <mxPoint x="920" y="80" as="targetPoint" />
          </mxGeometry>
        </mxCell>
        <mxCell id="b7xNXUk7TWm-zROpj7NI-29" value="" style="shape=waypoint;sketch=0;fillStyle=solid;size=6;pointerEvents=1;points=[];fillColor=none;resizable=0;rotatable=0;perimeter=centerPerimeter;snapToPoint=1;" vertex="1" parent="1">
          <mxGeometry x="910" y="3" width="20" height="20" as="geometry" />
        </mxCell>
        <mxCell id="b7xNXUk7TWm-zROpj7NI-32" value="" style="shape=waypoint;sketch=0;fillStyle=solid;size=6;pointerEvents=1;points=[];fillColor=none;resizable=0;rotatable=0;perimeter=centerPerimeter;snapToPoint=1;" vertex="1" parent="1">
          <mxGeometry x="910" y="70" width="20" height="20" as="geometry" />
        </mxCell>
        <mxCell id="b7xNXUk7TWm-zROpj7NI-33" value="" style="rounded=0;whiteSpace=wrap;html=1;" vertex="1" parent="1">
          <mxGeometry x="1630" y="-510" width="320" height="120" as="geometry" />
        </mxCell>
        <mxCell id="b7xNXUk7TWm-zROpj7NI-34" value="Obezbedi zadovoljstvo&amp;nbsp;&lt;div&gt;korisnika&lt;/div&gt;" style="text;strokeColor=none;fillColor=none;html=1;align=center;verticalAlign=middle;whiteSpace=wrap;rounded=0;fontSize=16;" vertex="1" parent="1">
          <mxGeometry x="1703.75" y="-480" width="172.5" height="60" as="geometry" />
        </mxCell>
        <mxCell id="b7xNXUk7TWm-zROpj7NI-35" value="" style="edgeStyle=elbowEdgeStyle;elbow=horizontal;endArrow=classic;html=1;curved=0;rounded=0;endSize=8;startSize=8;fontSize=12;entryX=0;entryY=0.75;entryDx=0;entryDy=0;exitX=0.567;exitY=1.004;exitDx=0;exitDy=0;exitPerimeter=0;" edge="1" parent="1" source="b7xNXUk7TWm-zROpj7NI-36" target="b7xNXUk7TWm-zROpj7NI-33">
          <mxGeometry width="50" height="50" relative="1" as="geometry">
            <mxPoint x="990" y="20" as="sourcePoint" />
            <mxPoint x="1380" y="-390" as="targetPoint" />
            <Array as="points">
              <mxPoint x="1590" y="-190" />
              <mxPoint x="1370" y="20" />
            </Array>
          </mxGeometry>
        </mxCell>
        <mxCell id="b7xNXUk7TWm-zROpj7NI-36" value="" style="shape=partialRectangle;whiteSpace=wrap;html=1;bottom=1;right=1;left=1;top=0;fillColor=none;routingCenterX=-0.5;rotation=-90;" vertex="1" parent="1">
          <mxGeometry x="918.5" y="16.5" width="65" height="58" as="geometry" />
        </mxCell>
        <mxCell id="b7xNXUk7TWm-zROpj7NI-37" value="" style="shape=waypoint;sketch=0;fillStyle=solid;size=6;pointerEvents=1;points=[];fillColor=none;resizable=0;rotatable=0;perimeter=centerPerimeter;snapToPoint=1;" vertex="1" parent="1">
          <mxGeometry x="970" y="30" width="20" height="20" as="geometry" />
        </mxCell>
        <mxCell id="b7xNXUk7TWm-zROpj7NI-39" value="" style="edgeStyle=none;curved=1;rounded=0;orthogonalLoop=1;jettySize=auto;html=1;fontSize=12;startSize=8;endSize=8;" edge="1" parent="1">
          <mxGeometry relative="1" as="geometry">
            <mxPoint x="916.25" y="-230" as="sourcePoint" />
            <mxPoint x="976.25" y="-230" as="targetPoint" />
          </mxGeometry>
        </mxCell>
        <mxCell id="b7xNXUk7TWm-zROpj7NI-40" value="" style="edgeStyle=none;curved=1;rounded=0;orthogonalLoop=1;jettySize=auto;html=1;fontSize=12;startSize=8;endSize=8;" edge="1" parent="1">
          <mxGeometry relative="1" as="geometry">
            <mxPoint x="918.5" y="-190.59" as="sourcePoint" />
            <mxPoint x="978.5" y="-190.59" as="targetPoint" />
          </mxGeometry>
        </mxCell>
        <mxCell id="b7xNXUk7TWm-zROpj7NI-41" value="Podaci iz logova" style="text;strokeColor=none;fillColor=none;html=1;align=center;verticalAlign=middle;whiteSpace=wrap;rounded=0;fontSize=16;" vertex="1" parent="1">
          <mxGeometry x="788.5" y="-240" width="130" height="20" as="geometry" />
        </mxCell>
        <mxCell id="b7xNXUk7TWm-zROpj7NI-42" value="Rezultati testiranja" style="text;strokeColor=none;fillColor=none;html=1;align=center;verticalAlign=middle;whiteSpace=wrap;rounded=0;fontSize=16;" vertex="1" parent="1">
          <mxGeometry x="777" y="-200" width="141.5" height="20" as="geometry" />
        </mxCell>
        <mxCell id="b7xNXUk7TWm-zROpj7NI-43" value="" style="endArrow=classic;html=1;rounded=0;fontSize=12;startSize=8;endSize=8;curved=1;" edge="1" parent="1">
          <mxGeometry width="50" height="50" relative="1" as="geometry">
            <mxPoint x="1100" y="-250" as="sourcePoint" />
            <mxPoint x="1100" y="-310" as="targetPoint" />
          </mxGeometry>
        </mxCell>
        <mxCell id="b7xNXUk7TWm-zROpj7NI-44" value="Baze podataka" style="text;strokeColor=none;fillColor=none;html=1;align=center;verticalAlign=middle;whiteSpace=wrap;rounded=0;fontSize=16;" vertex="1" parent="1">
          <mxGeometry x="950" y="-330" width="290" as="geometry" />
        </mxCell>
        <mxCell id="b7xNXUk7TWm-zROpj7NI-45" value="" style="endArrow=classic;html=1;rounded=0;fontSize=12;startSize=8;endSize=8;curved=1;" edge="1" parent="1">
          <mxGeometry width="50" height="50" relative="1" as="geometry">
            <mxPoint x="1250" y="-250" as="sourcePoint" />
            <mxPoint x="1250" y="-310" as="targetPoint" />
          </mxGeometry>
        </mxCell>
        <mxCell id="b7xNXUk7TWm-zROpj7NI-46" value="Analiticki alati" style="text;strokeColor=none;fillColor=none;html=1;align=center;verticalAlign=middle;whiteSpace=wrap;rounded=0;fontSize=16;" vertex="1" parent="1">
          <mxGeometry x="1100" y="-330" width="290" as="geometry" />
        </mxCell>
        <mxCell id="b7xNXUk7TWm-zROpj7NI-49" value="" style="endArrow=classic;html=1;rounded=0;fontSize=12;startSize=8;endSize=8;curved=1;" edge="1" parent="1">
          <mxGeometry width="50" height="50" relative="1" as="geometry">
            <mxPoint x="1150" y="-70" as="sourcePoint" />
            <mxPoint x="1150" y="-130" as="targetPoint" />
          </mxGeometry>
        </mxCell>
        <mxCell id="b7xNXUk7TWm-zROpj7NI-50" value="Interni kriterijumi kvaliteta" style="text;strokeColor=none;fillColor=none;html=1;align=center;verticalAlign=middle;whiteSpace=wrap;rounded=0;fontSize=16;" vertex="1" parent="1">
          <mxGeometry x="1020" y="-57.5" width="290" as="geometry" />
        </mxCell>
        <mxCell id="b7xNXUk7TWm-zROpj7NI-51" value="" style="edgeStyle=none;curved=1;rounded=0;orthogonalLoop=1;jettySize=auto;html=1;fontSize=12;startSize=8;endSize=8;" edge="1" parent="1">
          <mxGeometry relative="1" as="geometry">
            <mxPoint x="1296.25" y="-220" as="sourcePoint" />
            <mxPoint x="1470" y="-220" as="targetPoint" />
          </mxGeometry>
        </mxCell>
        <mxCell id="b7xNXUk7TWm-zROpj7NI-53" value="Izvestaj o kvalitetu" style="text;strokeColor=none;fillColor=none;html=1;align=center;verticalAlign=middle;whiteSpace=wrap;rounded=0;fontSize=16;" vertex="1" parent="1">
          <mxGeometry x="1222.5" y="-230" width="290" as="geometry" />
        </mxCell>
        <mxCell id="b7xNXUk7TWm-zROpj7NI-54" value="Poboljsani procesi" style="text;strokeColor=none;fillColor=none;html=1;align=center;verticalAlign=middle;whiteSpace=wrap;rounded=0;fontSize=16;" vertex="1" parent="1">
          <mxGeometry x="1222.5" y="-170" width="290" as="geometry" />
        </mxCell>
        <mxCell id="b7xNXUk7TWm-zROpj7NI-55" value="" style="edgeStyle=elbowEdgeStyle;elbow=horizontal;endArrow=classic;html=1;curved=0;rounded=0;endSize=8;startSize=8;fontSize=12;entryX=0;entryY=0.417;entryDx=0;entryDy=0;entryPerimeter=0;" edge="1" parent="1" target="b7xNXUk7TWm-zROpj7NI-33">
          <mxGeometry width="50" height="50" relative="1" as="geometry">
            <mxPoint x="1300" y="-160" as="sourcePoint" />
            <mxPoint x="1620" y="-430" as="targetPoint" />
            <Array as="points">
              <mxPoint x="1500" y="-440" />
            </Array>
          </mxGeometry>
        </mxCell>
        <mxCell id="b7xNXUk7TWm-zROpj7NI-56" value="" style="edgeStyle=none;curved=1;rounded=0;orthogonalLoop=1;jettySize=auto;html=1;fontSize=12;startSize=8;endSize=8;" edge="1" parent="1">
          <mxGeometry relative="1" as="geometry">
            <mxPoint x="1950" y="-440" as="sourcePoint" />
            <mxPoint x="2123.75" y="-440" as="targetPoint" />
          </mxGeometry>
        </mxCell>
        <mxCell id="b7xNXUk7TWm-zROpj7NI-57" value="Zadovoljni korisnici" style="text;strokeColor=none;fillColor=none;html=1;align=center;verticalAlign=middle;whiteSpace=wrap;rounded=0;fontSize=16;" vertex="1" parent="1">
          <mxGeometry x="1890" y="-450" width="290" as="geometry" />
        </mxCell>
        <mxCell id="b7xNXUk7TWm-zROpj7NI-58" value="" style="endArrow=classic;html=1;rounded=0;fontSize=12;startSize=8;endSize=8;curved=1;" edge="1" parent="1">
          <mxGeometry width="50" height="50" relative="1" as="geometry">
            <mxPoint x="1800" y="-330" as="sourcePoint" />
            <mxPoint x="1800" y="-390" as="targetPoint" />
          </mxGeometry>
        </mxCell>
        <mxCell id="b7xNXUk7TWm-zROpj7NI-59" value="Standardi kvaliteta usluge" style="text;strokeColor=none;fillColor=none;html=1;align=center;verticalAlign=middle;whiteSpace=wrap;rounded=0;fontSize=16;" vertex="1" parent="1">
          <mxGeometry x="1650" y="-320" width="290" as="geometry" />
        </mxCell>
        <mxCell id="b7xNXUk7TWm-zROpj7NI-60" value="" style="endArrow=classic;html=1;rounded=0;fontSize=12;startSize=8;endSize=8;curved=1;" edge="1" parent="1">
          <mxGeometry width="50" height="50" relative="1" as="geometry">
            <mxPoint x="1680" y="-510" as="sourcePoint" />
            <mxPoint x="1680" y="-570" as="targetPoint" />
          </mxGeometry>
        </mxCell>
        <mxCell id="b7xNXUk7TWm-zROpj7NI-61" value="" style="endArrow=classic;html=1;rounded=0;fontSize=12;startSize=8;endSize=8;curved=1;" edge="1" parent="1">
          <mxGeometry width="50" height="50" relative="1" as="geometry">
            <mxPoint x="1900" y="-510" as="sourcePoint" />
            <mxPoint x="1900" y="-570" as="targetPoint" />
          </mxGeometry>
        </mxCell>
        <mxCell id="b7xNXUk7TWm-zROpj7NI-62" value="Notifikacioni sistem" style="text;strokeColor=none;fillColor=none;html=1;align=center;verticalAlign=middle;whiteSpace=wrap;rounded=0;fontSize=16;" vertex="1" parent="1">
          <mxGeometry x="1760" y="-580" width="290" as="geometry" />
        </mxCell>
        <mxCell id="b7xNXUk7TWm-zROpj7NI-63" value="Korisnicka podrska" style="text;strokeColor=none;fillColor=none;html=1;align=center;verticalAlign=middle;whiteSpace=wrap;rounded=0;fontSize=16;" vertex="1" parent="1">
          <mxGeometry x="1540" y="-580" width="290" as="geometry" />
        </mxCell>
      </root>
    </mxGraphModel>
  </diagram>
  <diagram name="MOV" id="7FEnvORvzFQsgVXlmV2h">
    <mxGraphModel dx="2240" dy="2258" grid="1" gridSize="10" guides="1" tooltips="1" connect="1" arrows="1" fold="1" page="0" pageScale="1" pageWidth="850" pageHeight="1100" math="0" shadow="0">
      <root>
        <mxCell id="0" />
        <mxCell id="1" parent="0" />
        <mxCell id="wQ2YaVhtSeAqIhvvNF_l-5" value="Korisnik" style="shape=ext;double=1;rounded=0;whiteSpace=wrap;html=1;" vertex="1" parent="1">
          <mxGeometry x="40" y="20" width="170" height="100" as="geometry" />
        </mxCell>
        <mxCell id="wQ2YaVhtSeAqIhvvNF_l-6" value="" style="ellipse;shape=doubleEllipse;whiteSpace=wrap;html=1;" vertex="1" parent="1">
          <mxGeometry x="-100" y="170" width="130" height="100" as="geometry" />
        </mxCell>
        <mxCell id="sxfOcOApM7JOm6uP5Xw9-1" value="" style="ellipse;shape=doubleEllipse;whiteSpace=wrap;html=1;" vertex="1" parent="1">
          <mxGeometry x="100" y="180" width="130" height="100" as="geometry" />
        </mxCell>
        <mxCell id="sxfOcOApM7JOm6uP5Xw9-2" value="" style="ellipse;shape=doubleEllipse;whiteSpace=wrap;html=1;" vertex="1" parent="1">
          <mxGeometry x="-150" y="20" width="130" height="100" as="geometry" />
        </mxCell>
        <mxCell id="sxfOcOApM7JOm6uP5Xw9-3" value="" style="ellipse;shape=doubleEllipse;whiteSpace=wrap;html=1;" vertex="1" parent="1">
          <mxGeometry x="-90" y="-150" width="130" height="100" as="geometry" />
        </mxCell>
        <mxCell id="sxfOcOApM7JOm6uP5Xw9-4" value="" style="ellipse;shape=doubleEllipse;whiteSpace=wrap;html=1;" vertex="1" parent="1">
          <mxGeometry x="90" y="-150" width="130" height="100" as="geometry" />
        </mxCell>
        <mxCell id="sxfOcOApM7JOm6uP5Xw9-5" value="KorisnikID" style="text;strokeColor=none;fillColor=none;html=1;align=center;verticalAlign=middle;whiteSpace=wrap;rounded=0;fontSize=16;" vertex="1" parent="1">
          <mxGeometry x="90" y="-130" width="130" height="60" as="geometry" />
        </mxCell>
        <mxCell id="sxfOcOApM7JOm6uP5Xw9-6" value="Ime" style="text;strokeColor=none;fillColor=none;html=1;align=center;verticalAlign=middle;whiteSpace=wrap;rounded=0;fontSize=16;" vertex="1" parent="1">
          <mxGeometry x="-90" y="-130" width="130" height="60" as="geometry" />
        </mxCell>
        <mxCell id="sxfOcOApM7JOm6uP5Xw9-7" value="Email" style="text;strokeColor=none;fillColor=none;html=1;align=center;verticalAlign=middle;whiteSpace=wrap;rounded=0;fontSize=16;" vertex="1" parent="1">
          <mxGeometry x="-150" y="40" width="130" height="60" as="geometry" />
        </mxCell>
        <mxCell id="sxfOcOApM7JOm6uP5Xw9-8" value="Lozinka" style="text;strokeColor=none;fillColor=none;html=1;align=center;verticalAlign=middle;whiteSpace=wrap;rounded=0;fontSize=16;" vertex="1" parent="1">
          <mxGeometry x="-100" y="190" width="130" height="60" as="geometry" />
        </mxCell>
        <mxCell id="sxfOcOApM7JOm6uP5Xw9-9" value="DatReg" style="text;strokeColor=none;fillColor=none;html=1;align=center;verticalAlign=middle;whiteSpace=wrap;rounded=0;fontSize=16;" vertex="1" parent="1">
          <mxGeometry x="100" y="200" width="130" height="60" as="geometry" />
        </mxCell>
        <mxCell id="sxfOcOApM7JOm6uP5Xw9-10" value="Transakcija" style="shape=ext;double=1;rounded=0;whiteSpace=wrap;html=1;" vertex="1" parent="1">
          <mxGeometry x="440" y="20" width="170" height="100" as="geometry" />
        </mxCell>
        <mxCell id="sxfOcOApM7JOm6uP5Xw9-11" value="" style="line;strokeWidth=2;html=1;" vertex="1" parent="1">
          <mxGeometry x="210" y="70" width="230" height="10" as="geometry" />
        </mxCell>
        <mxCell id="sxfOcOApM7JOm6uP5Xw9-12" value="1:N" style="text;strokeColor=none;fillColor=none;html=1;align=center;verticalAlign=middle;whiteSpace=wrap;rounded=0;fontSize=16;" vertex="1" parent="1">
          <mxGeometry x="255" y="30" width="140" height="70" as="geometry" />
        </mxCell>
        <mxCell id="sxfOcOApM7JOm6uP5Xw9-14" value="" style="ellipse;shape=doubleEllipse;whiteSpace=wrap;html=1;" vertex="1" parent="1">
          <mxGeometry x="300" y="-100" width="130" height="100" as="geometry" />
        </mxCell>
        <mxCell id="sxfOcOApM7JOm6uP5Xw9-15" value="" style="ellipse;shape=doubleEllipse;whiteSpace=wrap;html=1;" vertex="1" parent="1">
          <mxGeometry x="560" y="-120" width="130" height="100" as="geometry" />
        </mxCell>
        <mxCell id="sxfOcOApM7JOm6uP5Xw9-16" value="" style="ellipse;shape=doubleEllipse;whiteSpace=wrap;html=1;" vertex="1" parent="1">
          <mxGeometry x="700" y="-70" width="130" height="100" as="geometry" />
        </mxCell>
        <mxCell id="sxfOcOApM7JOm6uP5Xw9-17" value="" style="ellipse;shape=doubleEllipse;whiteSpace=wrap;html=1;" vertex="1" parent="1">
          <mxGeometry x="660" y="100" width="130" height="100" as="geometry" />
        </mxCell>
        <mxCell id="sxfOcOApM7JOm6uP5Xw9-18" value="" style="ellipse;shape=doubleEllipse;whiteSpace=wrap;html=1;" vertex="1" parent="1">
          <mxGeometry x="420" y="-160" width="130" height="100" as="geometry" />
        </mxCell>
        <mxCell id="sxfOcOApM7JOm6uP5Xw9-19" value="" style="ellipse;shape=doubleEllipse;whiteSpace=wrap;html=1;" vertex="1" parent="1">
          <mxGeometry x="300" y="110" width="130" height="100" as="geometry" />
        </mxCell>
        <mxCell id="sxfOcOApM7JOm6uP5Xw9-20" value="TransakcijaID" style="text;strokeColor=none;fillColor=none;html=1;align=center;verticalAlign=middle;whiteSpace=wrap;rounded=0;fontSize=16;" vertex="1" parent="1">
          <mxGeometry x="300" y="-80" width="130" height="60" as="geometry" />
        </mxCell>
        <mxCell id="sxfOcOApM7JOm6uP5Xw9-21" value="Iznos" style="text;strokeColor=none;fillColor=none;html=1;align=center;verticalAlign=middle;whiteSpace=wrap;rounded=0;fontSize=16;" vertex="1" parent="1">
          <mxGeometry x="560" y="-100" width="130" height="60" as="geometry" />
        </mxCell>
        <mxCell id="sxfOcOApM7JOm6uP5Xw9-22" value="DatumVreme" style="text;strokeColor=none;fillColor=none;html=1;align=center;verticalAlign=middle;whiteSpace=wrap;rounded=0;fontSize=16;" vertex="1" parent="1">
          <mxGeometry x="700" y="-50" width="130" height="60" as="geometry" />
        </mxCell>
        <mxCell id="sxfOcOApM7JOm6uP5Xw9-23" value="Status" style="text;strokeColor=none;fillColor=none;html=1;align=center;verticalAlign=middle;whiteSpace=wrap;rounded=0;fontSize=16;" vertex="1" parent="1">
          <mxGeometry x="660" y="120" width="130" height="60" as="geometry" />
        </mxCell>
        <mxCell id="sxfOcOApM7JOm6uP5Xw9-24" value="KorisnikID (FK)" style="text;strokeColor=none;fillColor=none;html=1;align=center;verticalAlign=middle;whiteSpace=wrap;rounded=0;fontSize=16;" vertex="1" parent="1">
          <mxGeometry x="420" y="-140" width="130" height="60" as="geometry" />
        </mxCell>
        <mxCell id="sxfOcOApM7JOm6uP5Xw9-25" value="RacunID (FK)" style="text;strokeColor=none;fillColor=none;html=1;align=center;verticalAlign=middle;whiteSpace=wrap;rounded=0;fontSize=16;" vertex="1" parent="1">
          <mxGeometry x="300" y="130" width="130" height="60" as="geometry" />
        </mxCell>
        <mxCell id="sxfOcOApM7JOm6uP5Xw9-26" value="N:1" style="text;strokeColor=none;fillColor=none;html=1;align=center;verticalAlign=middle;whiteSpace=wrap;rounded=0;fontSize=16;" vertex="1" parent="1">
          <mxGeometry x="700" y="30" width="140" height="70" as="geometry" />
        </mxCell>
        <mxCell id="sxfOcOApM7JOm6uP5Xw9-27" value="" style="line;strokeWidth=2;html=1;" vertex="1" parent="1">
          <mxGeometry x="610" y="70" width="330" height="10" as="geometry" />
        </mxCell>
        <mxCell id="sxfOcOApM7JOm6uP5Xw9-28" value="Racun" style="shape=ext;double=1;rounded=0;whiteSpace=wrap;html=1;" vertex="1" parent="1">
          <mxGeometry x="940" y="20" width="170" height="100" as="geometry" />
        </mxCell>
        <mxCell id="sxfOcOApM7JOm6uP5Xw9-29" value="" style="ellipse;shape=doubleEllipse;whiteSpace=wrap;html=1;" vertex="1" parent="1">
          <mxGeometry x="960" y="-120" width="130" height="100" as="geometry" />
        </mxCell>
        <mxCell id="sxfOcOApM7JOm6uP5Xw9-30" value="" style="ellipse;shape=doubleEllipse;whiteSpace=wrap;html=1;" vertex="1" parent="1">
          <mxGeometry x="1170" y="-70" width="130" height="100" as="geometry" />
        </mxCell>
        <mxCell id="sxfOcOApM7JOm6uP5Xw9-31" value="" style="ellipse;shape=doubleEllipse;whiteSpace=wrap;html=1;" vertex="1" parent="1">
          <mxGeometry x="1170" y="80" width="130" height="100" as="geometry" />
        </mxCell>
        <mxCell id="sxfOcOApM7JOm6uP5Xw9-32" value="" style="ellipse;shape=doubleEllipse;whiteSpace=wrap;html=1;" vertex="1" parent="1">
          <mxGeometry x="990" y="170" width="130" height="100" as="geometry" />
        </mxCell>
        <mxCell id="sxfOcOApM7JOm6uP5Xw9-33" value="RacunID (PK)" style="text;strokeColor=none;fillColor=none;html=1;align=center;verticalAlign=middle;whiteSpace=wrap;rounded=0;fontSize=16;" vertex="1" parent="1">
          <mxGeometry x="960" y="-100" width="130" height="60" as="geometry" />
        </mxCell>
        <mxCell id="sxfOcOApM7JOm6uP5Xw9-34" value="BrojRacuna" style="text;strokeColor=none;fillColor=none;html=1;align=center;verticalAlign=middle;whiteSpace=wrap;rounded=0;fontSize=16;" vertex="1" parent="1">
          <mxGeometry x="1170" y="-50" width="130" height="60" as="geometry" />
        </mxCell>
        <mxCell id="sxfOcOApM7JOm6uP5Xw9-35" value="Stanje" style="text;strokeColor=none;fillColor=none;html=1;align=center;verticalAlign=middle;whiteSpace=wrap;rounded=0;fontSize=16;" vertex="1" parent="1">
          <mxGeometry x="1170" y="100" width="130" height="60" as="geometry" />
        </mxCell>
        <mxCell id="sxfOcOApM7JOm6uP5Xw9-36" value="Valuta" style="text;strokeColor=none;fillColor=none;html=1;align=center;verticalAlign=middle;whiteSpace=wrap;rounded=0;fontSize=16;" vertex="1" parent="1">
          <mxGeometry x="990" y="190" width="130" height="60" as="geometry" />
        </mxCell>
        <mxCell id="sxfOcOApM7JOm6uP5Xw9-37" value="" style="line;strokeWidth=2;direction=south;html=1;" vertex="1" parent="1">
          <mxGeometry x="520" y="120" width="10" height="270" as="geometry" />
        </mxCell>
        <mxCell id="sxfOcOApM7JOm6uP5Xw9-38" value="1:1" style="text;strokeColor=none;fillColor=none;html=1;align=center;verticalAlign=middle;whiteSpace=wrap;rounded=0;fontSize=16;" vertex="1" parent="1">
          <mxGeometry x="470" y="170" width="140" height="70" as="geometry" />
        </mxCell>
        <mxCell id="sxfOcOApM7JOm6uP5Xw9-39" value="Transakcija" style="shape=ext;double=1;rounded=0;whiteSpace=wrap;html=1;" vertex="1" parent="1">
          <mxGeometry x="440" y="390" width="170" height="100" as="geometry" />
        </mxCell>
        <mxCell id="sxfOcOApM7JOm6uP5Xw9-40" value="" style="ellipse;shape=doubleEllipse;whiteSpace=wrap;html=1;" vertex="1" parent="1">
          <mxGeometry x="650" y="370" width="130" height="100" as="geometry" />
        </mxCell>
        <mxCell id="sxfOcOApM7JOm6uP5Xw9-41" value="" style="ellipse;shape=doubleEllipse;whiteSpace=wrap;html=1;" vertex="1" parent="1">
          <mxGeometry x="640" y="500" width="130" height="100" as="geometry" />
        </mxCell>
        <mxCell id="sxfOcOApM7JOm6uP5Xw9-42" value="" style="ellipse;shape=doubleEllipse;whiteSpace=wrap;html=1;" vertex="1" parent="1">
          <mxGeometry x="550" y="270" width="130" height="100" as="geometry" />
        </mxCell>
        <mxCell id="sxfOcOApM7JOm6uP5Xw9-44" value="" style="ellipse;shape=doubleEllipse;whiteSpace=wrap;html=1;" vertex="1" parent="1">
          <mxGeometry x="275" y="370" width="130" height="100" as="geometry" />
        </mxCell>
        <mxCell id="sxfOcOApM7JOm6uP5Xw9-45" value="" style="ellipse;shape=doubleEllipse;whiteSpace=wrap;html=1;" vertex="1" parent="1">
          <mxGeometry x="300" y="500" width="130" height="100" as="geometry" />
        </mxCell>
        <mxCell id="sxfOcOApM7JOm6uP5Xw9-47" value="" style="ellipse;shape=doubleEllipse;whiteSpace=wrap;html=1;" vertex="1" parent="1">
          <mxGeometry x="380" y="270" width="130" height="100" as="geometry" />
        </mxCell>
        <mxCell id="sxfOcOApM7JOm6uP5Xw9-48" value="FeedbackID (PK)" style="text;strokeColor=none;fillColor=none;html=1;align=center;verticalAlign=middle;whiteSpace=wrap;rounded=0;fontSize=16;" vertex="1" parent="1">
          <mxGeometry x="390" y="300" width="110" height="50" as="geometry" />
        </mxCell>
        <mxCell id="sxfOcOApM7JOm6uP5Xw9-49" value="Ocena" style="text;strokeColor=none;fillColor=none;html=1;align=center;verticalAlign=middle;whiteSpace=wrap;rounded=0;fontSize=16;" vertex="1" parent="1">
          <mxGeometry x="560" y="295" width="110" height="50" as="geometry" />
        </mxCell>
        <mxCell id="sxfOcOApM7JOm6uP5Xw9-50" value="Komentar" style="text;strokeColor=none;fillColor=none;html=1;align=center;verticalAlign=middle;whiteSpace=wrap;rounded=0;fontSize=16;" vertex="1" parent="1">
          <mxGeometry x="660" y="395" width="110" height="50" as="geometry" />
        </mxCell>
        <mxCell id="sxfOcOApM7JOm6uP5Xw9-51" value="Datum" style="text;strokeColor=none;fillColor=none;html=1;align=center;verticalAlign=middle;whiteSpace=wrap;rounded=0;fontSize=16;" vertex="1" parent="1">
          <mxGeometry x="650" y="525" width="110" height="50" as="geometry" />
        </mxCell>
        <mxCell id="sxfOcOApM7JOm6uP5Xw9-52" value="TransakcijaID&lt;div&gt;(FK)&lt;/div&gt;" style="text;strokeColor=none;fillColor=none;html=1;align=center;verticalAlign=middle;whiteSpace=wrap;rounded=0;fontSize=16;" vertex="1" parent="1">
          <mxGeometry x="310" y="525" width="110" height="50" as="geometry" />
        </mxCell>
        <mxCell id="sxfOcOApM7JOm6uP5Xw9-53" value="KorisnikID&lt;div&gt;(FK)&lt;/div&gt;" style="text;strokeColor=none;fillColor=none;html=1;align=center;verticalAlign=middle;whiteSpace=wrap;rounded=0;fontSize=16;" vertex="1" parent="1">
          <mxGeometry x="280" y="395" width="110" height="50" as="geometry" />
        </mxCell>
        <mxCell id="sxfOcOApM7JOm6uP5Xw9-54" value="QA Test" style="shape=ext;double=1;rounded=0;whiteSpace=wrap;html=1;" vertex="1" parent="1">
          <mxGeometry x="440" y="680" width="170" height="100" as="geometry" />
        </mxCell>
        <mxCell id="sxfOcOApM7JOm6uP5Xw9-55" value="" style="ellipse;shape=doubleEllipse;whiteSpace=wrap;html=1;" vertex="1" parent="1">
          <mxGeometry x="620" y="790" width="130" height="100" as="geometry" />
        </mxCell>
        <mxCell id="sxfOcOApM7JOm6uP5Xw9-57" value="" style="ellipse;shape=doubleEllipse;whiteSpace=wrap;html=1;" vertex="1" parent="1">
          <mxGeometry x="460" y="1040" width="130" height="100" as="geometry" />
        </mxCell>
        <mxCell id="sxfOcOApM7JOm6uP5Xw9-58" value="" style="ellipse;shape=doubleEllipse;whiteSpace=wrap;html=1;" vertex="1" parent="1">
          <mxGeometry x="300" y="790" width="130" height="100" as="geometry" />
        </mxCell>
        <mxCell id="sxfOcOApM7JOm6uP5Xw9-59" value="" style="ellipse;shape=doubleEllipse;whiteSpace=wrap;html=1;" vertex="1" parent="1">
          <mxGeometry x="370" y="910" width="130" height="100" as="geometry" />
        </mxCell>
        <mxCell id="sxfOcOApM7JOm6uP5Xw9-60" value="" style="ellipse;shape=doubleEllipse;whiteSpace=wrap;html=1;" vertex="1" parent="1">
          <mxGeometry x="560" y="910" width="130" height="100" as="geometry" />
        </mxCell>
        <mxCell id="sxfOcOApM7JOm6uP5Xw9-61" value="TestID (PK)" style="text;strokeColor=none;fillColor=none;html=1;align=center;verticalAlign=middle;whiteSpace=wrap;rounded=0;fontSize=16;" vertex="1" parent="1">
          <mxGeometry x="310" y="815" width="110" height="50" as="geometry" />
        </mxCell>
        <mxCell id="sxfOcOApM7JOm6uP5Xw9-62" value="NazivTesta" style="text;strokeColor=none;fillColor=none;html=1;align=center;verticalAlign=middle;whiteSpace=wrap;rounded=0;fontSize=16;" vertex="1" parent="1">
          <mxGeometry x="380" y="935" width="110" height="50" as="geometry" />
        </mxCell>
        <mxCell id="sxfOcOApM7JOm6uP5Xw9-63" value="Status" style="text;strokeColor=none;fillColor=none;html=1;align=center;verticalAlign=middle;whiteSpace=wrap;rounded=0;fontSize=16;" vertex="1" parent="1">
          <mxGeometry x="470" y="1065" width="110" height="50" as="geometry" />
        </mxCell>
        <mxCell id="sxfOcOApM7JOm6uP5Xw9-64" value="DatumTesta" style="text;strokeColor=none;fillColor=none;html=1;align=center;verticalAlign=middle;whiteSpace=wrap;rounded=0;fontSize=16;" vertex="1" parent="1">
          <mxGeometry x="570" y="935" width="110" height="50" as="geometry" />
        </mxCell>
        <mxCell id="sxfOcOApM7JOm6uP5Xw9-65" value="StandardID (FK)" style="text;strokeColor=none;fillColor=none;html=1;align=center;verticalAlign=middle;whiteSpace=wrap;rounded=0;fontSize=16;" vertex="1" parent="1">
          <mxGeometry x="630" y="815" width="110" height="50" as="geometry" />
        </mxCell>
        <mxCell id="sxfOcOApM7JOm6uP5Xw9-66" value="Standard" style="shape=ext;double=1;rounded=0;whiteSpace=wrap;html=1;" vertex="1" parent="1">
          <mxGeometry y="680" width="170" height="100" as="geometry" />
        </mxCell>
        <mxCell id="sxfOcOApM7JOm6uP5Xw9-67" value="1:N" style="text;strokeColor=none;fillColor=none;html=1;align=center;verticalAlign=middle;whiteSpace=wrap;rounded=0;fontSize=16;" vertex="1" parent="1">
          <mxGeometry x="220" y="680" width="140" height="70" as="geometry" />
        </mxCell>
        <mxCell id="sxfOcOApM7JOm6uP5Xw9-68" value="" style="line;strokeWidth=2;html=1;" vertex="1" parent="1">
          <mxGeometry x="170" y="725" width="270" height="10" as="geometry" />
        </mxCell>
        <mxCell id="sxfOcOApM7JOm6uP5Xw9-69" value="Izvestaj" style="shape=ext;double=1;rounded=0;whiteSpace=wrap;html=1;" vertex="1" parent="1">
          <mxGeometry x="950" y="680" width="170" height="100" as="geometry" />
        </mxCell>
        <mxCell id="sxfOcOApM7JOm6uP5Xw9-70" value="" style="line;strokeWidth=2;html=1;" vertex="1" parent="1">
          <mxGeometry x="610" y="725" width="340" height="10" as="geometry" />
        </mxCell>
        <mxCell id="sxfOcOApM7JOm6uP5Xw9-71" value="1:N" style="text;strokeColor=none;fillColor=none;html=1;align=center;verticalAlign=middle;whiteSpace=wrap;rounded=0;fontSize=16;" vertex="1" parent="1">
          <mxGeometry x="730" y="680" width="140" height="70" as="geometry" />
        </mxCell>
        <mxCell id="sxfOcOApM7JOm6uP5Xw9-72" value="" style="ellipse;shape=doubleEllipse;whiteSpace=wrap;html=1;" vertex="1" parent="1">
          <mxGeometry x="30" y="550" width="150" height="100" as="geometry" />
        </mxCell>
        <mxCell id="sxfOcOApM7JOm6uP5Xw9-73" value="" style="ellipse;shape=doubleEllipse;whiteSpace=wrap;html=1;" vertex="1" parent="1">
          <mxGeometry x="-150" y="575" width="130" height="100" as="geometry" />
        </mxCell>
        <mxCell id="sxfOcOApM7JOm6uP5Xw9-74" value="" style="ellipse;shape=doubleEllipse;whiteSpace=wrap;html=1;" vertex="1" parent="1">
          <mxGeometry x="-150" y="750" width="130" height="100" as="geometry" />
        </mxCell>
        <mxCell id="sxfOcOApM7JOm6uP5Xw9-75" value="" style="ellipse;shape=doubleEllipse;whiteSpace=wrap;html=1;" vertex="1" parent="1">
          <mxGeometry x="10" y="800" width="170" height="100" as="geometry" />
        </mxCell>
        <mxCell id="sxfOcOApM7JOm6uP5Xw9-77" value="StandardID (PK)" style="text;strokeColor=none;fillColor=none;html=1;align=center;verticalAlign=middle;whiteSpace=wrap;rounded=0;fontSize=16;" vertex="1" parent="1">
          <mxGeometry x="45" y="575" width="120" height="50" as="geometry" />
        </mxCell>
        <mxCell id="sxfOcOApM7JOm6uP5Xw9-78" value="Naziv" style="text;strokeColor=none;fillColor=none;html=1;align=center;verticalAlign=middle;whiteSpace=wrap;rounded=0;fontSize=16;" vertex="1" parent="1">
          <mxGeometry x="-145" y="600" width="120" height="50" as="geometry" />
        </mxCell>
        <mxCell id="sxfOcOApM7JOm6uP5Xw9-79" value="Opis" style="text;strokeColor=none;fillColor=none;html=1;align=center;verticalAlign=middle;whiteSpace=wrap;rounded=0;fontSize=16;" vertex="1" parent="1">
          <mxGeometry x="-145" y="775" width="120" height="50" as="geometry" />
        </mxCell>
        <mxCell id="sxfOcOApM7JOm6uP5Xw9-80" value="DatumAzuriranja" style="text;strokeColor=none;fillColor=none;html=1;align=center;verticalAlign=middle;whiteSpace=wrap;rounded=0;fontSize=16;" vertex="1" parent="1">
          <mxGeometry x="35" y="825" width="120" height="50" as="geometry" />
        </mxCell>
        <mxCell id="sxfOcOApM7JOm6uP5Xw9-81" value="" style="ellipse;shape=doubleEllipse;whiteSpace=wrap;html=1;" vertex="1" parent="1">
          <mxGeometry x="990" y="810" width="130" height="100" as="geometry" />
        </mxCell>
        <mxCell id="sxfOcOApM7JOm6uP5Xw9-82" value="QATestID (FK)" style="text;strokeColor=none;fillColor=none;html=1;align=center;verticalAlign=middle;whiteSpace=wrap;rounded=0;fontSize=16;" vertex="1" parent="1">
          <mxGeometry x="1000" y="835" width="110" height="50" as="geometry" />
        </mxCell>
        <mxCell id="sxfOcOApM7JOm6uP5Xw9-83" value="" style="ellipse;shape=doubleEllipse;whiteSpace=wrap;html=1;" vertex="1" parent="1">
          <mxGeometry x="1130" y="765" width="190" height="100" as="geometry" />
        </mxCell>
        <mxCell id="sxfOcOApM7JOm6uP5Xw9-84" value="" style="ellipse;shape=doubleEllipse;whiteSpace=wrap;html=1;" vertex="1" parent="1">
          <mxGeometry x="1160" y="615" width="130" height="100" as="geometry" />
        </mxCell>
        <mxCell id="sxfOcOApM7JOm6uP5Xw9-85" value="" style="ellipse;shape=doubleEllipse;whiteSpace=wrap;html=1;" vertex="1" parent="1">
          <mxGeometry x="980" y="540" width="130" height="100" as="geometry" />
        </mxCell>
        <mxCell id="sxfOcOApM7JOm6uP5Xw9-86" value="IzvestajID (PK)" style="text;strokeColor=none;fillColor=none;html=1;align=center;verticalAlign=middle;whiteSpace=wrap;rounded=0;fontSize=16;" vertex="1" parent="1">
          <mxGeometry x="990" y="565" width="110" height="50" as="geometry" />
        </mxCell>
        <mxCell id="sxfOcOApM7JOm6uP5Xw9-87" value="TipIzvestaja" style="text;strokeColor=none;fillColor=none;html=1;align=center;verticalAlign=middle;whiteSpace=wrap;rounded=0;fontSize=16;" vertex="1" parent="1">
          <mxGeometry x="1170" y="640" width="110" height="50" as="geometry" />
        </mxCell>
        <mxCell id="sxfOcOApM7JOm6uP5Xw9-88" value="DatumGenerisanja" style="text;strokeColor=none;fillColor=none;html=1;align=center;verticalAlign=middle;whiteSpace=wrap;rounded=0;fontSize=16;" vertex="1" parent="1">
          <mxGeometry x="1170" y="790" width="110" height="50" as="geometry" />
        </mxCell>
        <mxCell id="sxfOcOApM7JOm6uP5Xw9-92" value="" style="endArrow=none;html=1;rounded=0;fontSize=12;startSize=8;endSize=8;curved=1;entryX=0.5;entryY=1;entryDx=0;entryDy=0;exitX=0.294;exitY=0;exitDx=0;exitDy=0;exitPerimeter=0;" edge="1" parent="1" source="sxfOcOApM7JOm6uP5Xw9-10" target="sxfOcOApM7JOm6uP5Xw9-18">
          <mxGeometry width="50" height="50" relative="1" as="geometry">
            <mxPoint x="470" as="sourcePoint" />
            <mxPoint x="520" y="-50" as="targetPoint" />
          </mxGeometry>
        </mxCell>
        <mxCell id="sxfOcOApM7JOm6uP5Xw9-93" value="" style="endArrow=none;html=1;rounded=0;fontSize=12;startSize=8;endSize=8;curved=1;entryX=0.5;entryY=1;entryDx=0;entryDy=0;exitX=0.75;exitY=0;exitDx=0;exitDy=0;" edge="1" parent="1" source="sxfOcOApM7JOm6uP5Xw9-10">
          <mxGeometry width="50" height="50" relative="1" as="geometry">
            <mxPoint x="595" y="50" as="sourcePoint" />
            <mxPoint x="590" y="-30" as="targetPoint" />
          </mxGeometry>
        </mxCell>
        <mxCell id="sxfOcOApM7JOm6uP5Xw9-94" value="" style="endArrow=none;html=1;rounded=0;fontSize=12;startSize=8;endSize=8;curved=1;exitX=1;exitY=0.107;exitDx=0;exitDy=0;exitPerimeter=0;" edge="1" parent="1" source="sxfOcOApM7JOm6uP5Xw9-10">
          <mxGeometry width="50" height="50" relative="1" as="geometry">
            <mxPoint x="680" y="50" as="sourcePoint" />
            <mxPoint x="710" as="targetPoint" />
          </mxGeometry>
        </mxCell>
        <mxCell id="sxfOcOApM7JOm6uP5Xw9-95" value="" style="endArrow=none;html=1;rounded=0;fontSize=12;startSize=8;endSize=8;curved=1;exitX=1;exitY=0.107;exitDx=0;exitDy=0;exitPerimeter=0;entryX=0;entryY=0.25;entryDx=0;entryDy=0;" edge="1" parent="1" target="sxfOcOApM7JOm6uP5Xw9-23">
          <mxGeometry width="50" height="50" relative="1" as="geometry">
            <mxPoint x="610" y="120" as="sourcePoint" />
            <mxPoint x="710" y="89" as="targetPoint" />
          </mxGeometry>
        </mxCell>
        <mxCell id="sxfOcOApM7JOm6uP5Xw9-96" value="" style="endArrow=none;html=1;rounded=0;fontSize=12;startSize=8;endSize=8;curved=1;exitX=1;exitY=0.107;exitDx=0;exitDy=0;exitPerimeter=0;entryX=0.054;entryY=0.992;entryDx=0;entryDy=0;entryPerimeter=0;" edge="1" parent="1" target="sxfOcOApM7JOm6uP5Xw9-10">
          <mxGeometry width="50" height="50" relative="1" as="geometry">
            <mxPoint x="420" y="142.5" as="sourcePoint" />
            <mxPoint x="470" y="157.5" as="targetPoint" />
          </mxGeometry>
        </mxCell>
        <mxCell id="sxfOcOApM7JOm6uP5Xw9-97" value="" style="endArrow=none;html=1;rounded=0;fontSize=12;startSize=8;endSize=8;curved=1;exitX=0;exitY=0;exitDx=0;exitDy=0;entryX=1;entryY=1;entryDx=0;entryDy=0;" edge="1" parent="1" source="sxfOcOApM7JOm6uP5Xw9-10" target="sxfOcOApM7JOm6uP5Xw9-14">
          <mxGeometry width="50" height="50" relative="1" as="geometry">
            <mxPoint x="510" y="173.5" as="sourcePoint" />
            <mxPoint x="440" y="210" as="targetPoint" />
          </mxGeometry>
        </mxCell>
        <mxCell id="sxfOcOApM7JOm6uP5Xw9-98" value="" style="endArrow=none;html=1;rounded=0;fontSize=12;startSize=8;endSize=8;curved=1;exitX=0.5;exitY=0;exitDx=0;exitDy=0;" edge="1" parent="1" source="wQ2YaVhtSeAqIhvvNF_l-5">
          <mxGeometry width="50" height="50" relative="1" as="geometry">
            <mxPoint x="100" as="sourcePoint" />
            <mxPoint x="150" y="-50" as="targetPoint" />
          </mxGeometry>
        </mxCell>
        <mxCell id="sxfOcOApM7JOm6uP5Xw9-99" value="" style="endArrow=none;html=1;rounded=0;fontSize=12;startSize=8;endSize=8;curved=1;exitX=0;exitY=0;exitDx=0;exitDy=0;" edge="1" parent="1" source="wQ2YaVhtSeAqIhvvNF_l-5">
          <mxGeometry width="50" height="50" relative="1" as="geometry">
            <mxPoint x="-10" y="10" as="sourcePoint" />
            <mxPoint x="15" y="-60" as="targetPoint" />
          </mxGeometry>
        </mxCell>
        <mxCell id="sxfOcOApM7JOm6uP5Xw9-100" value="" style="endArrow=none;html=1;rounded=0;fontSize=12;startSize=8;endSize=8;curved=1;exitX=0;exitY=0.5;exitDx=0;exitDy=0;" edge="1" parent="1" source="wQ2YaVhtSeAqIhvvNF_l-5">
          <mxGeometry width="50" height="50" relative="1" as="geometry">
            <mxPoint x="5" y="150" as="sourcePoint" />
            <mxPoint x="-20" y="70" as="targetPoint" />
          </mxGeometry>
        </mxCell>
        <mxCell id="sxfOcOApM7JOm6uP5Xw9-101" value="" style="endArrow=none;html=1;rounded=0;fontSize=12;startSize=8;endSize=8;curved=1;exitX=0;exitY=1;exitDx=0;exitDy=0;entryX=1;entryY=0;entryDx=0;entryDy=0;" edge="1" parent="1" source="wQ2YaVhtSeAqIhvvNF_l-5" target="wQ2YaVhtSeAqIhvvNF_l-6">
          <mxGeometry width="50" height="50" relative="1" as="geometry">
            <mxPoint x="100" y="140" as="sourcePoint" />
            <mxPoint x="40" y="140" as="targetPoint" />
          </mxGeometry>
        </mxCell>
        <mxCell id="sxfOcOApM7JOm6uP5Xw9-102" value="" style="endArrow=none;html=1;rounded=0;fontSize=12;startSize=8;endSize=8;curved=1;exitX=0.541;exitY=1.021;exitDx=0;exitDy=0;entryX=0.5;entryY=0;entryDx=0;entryDy=0;exitPerimeter=0;" edge="1" parent="1" source="wQ2YaVhtSeAqIhvvNF_l-5" target="sxfOcOApM7JOm6uP5Xw9-1">
          <mxGeometry width="50" height="50" relative="1" as="geometry">
            <mxPoint x="99" y="160" as="sourcePoint" />
            <mxPoint x="70" y="225" as="targetPoint" />
          </mxGeometry>
        </mxCell>
        <mxCell id="sxfOcOApM7JOm6uP5Xw9-103" value="" style="endArrow=none;html=1;rounded=0;fontSize=12;startSize=8;endSize=8;curved=1;entryX=0;entryY=0.5;entryDx=0;entryDy=0;exitX=1;exitY=0;exitDx=0;exitDy=0;" edge="1" parent="1" source="sxfOcOApM7JOm6uP5Xw9-28" target="sxfOcOApM7JOm6uP5Xw9-34">
          <mxGeometry width="50" height="50" relative="1" as="geometry">
            <mxPoint x="1040" y="70" as="sourcePoint" />
            <mxPoint x="1090" y="20" as="targetPoint" />
            <Array as="points">
              <mxPoint x="1150" />
            </Array>
          </mxGeometry>
        </mxCell>
        <mxCell id="sxfOcOApM7JOm6uP5Xw9-104" value="" style="endArrow=none;html=1;rounded=0;fontSize=12;startSize=8;endSize=8;curved=1;entryX=0;entryY=0;entryDx=0;entryDy=0;exitX=1;exitY=0.5;exitDx=0;exitDy=0;" edge="1" parent="1" source="sxfOcOApM7JOm6uP5Xw9-28" target="sxfOcOApM7JOm6uP5Xw9-31">
          <mxGeometry width="50" height="50" relative="1" as="geometry">
            <mxPoint x="1140" y="100" as="sourcePoint" />
            <mxPoint x="1200" y="60" as="targetPoint" />
            <Array as="points">
              <mxPoint x="1180" y="80" />
            </Array>
          </mxGeometry>
        </mxCell>
        <mxCell id="sxfOcOApM7JOm6uP5Xw9-106" value="" style="endArrow=none;html=1;rounded=0;fontSize=12;startSize=8;endSize=8;curved=1;exitX=0.5;exitY=0;exitDx=0;exitDy=0;entryX=0.75;entryY=1;entryDx=0;entryDy=0;" edge="1" parent="1" source="sxfOcOApM7JOm6uP5Xw9-32" target="sxfOcOApM7JOm6uP5Xw9-28">
          <mxGeometry width="50" height="50" relative="1" as="geometry">
            <mxPoint x="1040" y="70" as="sourcePoint" />
            <mxPoint x="1090" y="20" as="targetPoint" />
          </mxGeometry>
        </mxCell>
        <mxCell id="sxfOcOApM7JOm6uP5Xw9-107" value="" style="endArrow=none;html=1;rounded=0;fontSize=12;startSize=8;endSize=8;curved=1;exitX=0.445;exitY=0;exitDx=0;exitDy=0;entryX=0.75;entryY=1;entryDx=0;entryDy=0;exitPerimeter=0;" edge="1" parent="1" source="sxfOcOApM7JOm6uP5Xw9-28">
          <mxGeometry width="50" height="50" relative="1" as="geometry">
            <mxPoint x="1010" y="30" as="sourcePoint" />
            <mxPoint x="1023" y="-20" as="targetPoint" />
          </mxGeometry>
        </mxCell>
        <mxCell id="sxfOcOApM7JOm6uP5Xw9-108" value="" style="endArrow=none;html=1;rounded=0;fontSize=12;startSize=8;endSize=8;curved=1;exitX=0.5;exitY=1;exitDx=0;exitDy=0;entryX=1;entryY=0;entryDx=0;entryDy=0;" edge="1" parent="1" source="sxfOcOApM7JOm6uP5Xw9-42" target="sxfOcOApM7JOm6uP5Xw9-39">
          <mxGeometry width="50" height="50" relative="1" as="geometry">
            <mxPoint x="640" y="150" as="sourcePoint" />
            <mxPoint x="690" y="165" as="targetPoint" />
          </mxGeometry>
        </mxCell>
        <mxCell id="sxfOcOApM7JOm6uP5Xw9-109" value="" style="endArrow=none;html=1;rounded=0;fontSize=12;startSize=8;endSize=8;curved=1;exitX=0;exitY=0.5;exitDx=0;exitDy=0;entryX=1;entryY=0.25;entryDx=0;entryDy=0;" edge="1" parent="1" source="sxfOcOApM7JOm6uP5Xw9-40" target="sxfOcOApM7JOm6uP5Xw9-39">
          <mxGeometry width="50" height="50" relative="1" as="geometry">
            <mxPoint x="615" y="380" as="sourcePoint" />
            <mxPoint x="610" y="400" as="targetPoint" />
          </mxGeometry>
        </mxCell>
        <mxCell id="sxfOcOApM7JOm6uP5Xw9-110" value="" style="endArrow=none;html=1;rounded=0;fontSize=12;startSize=8;endSize=8;curved=1;exitX=0;exitY=0.5;exitDx=0;exitDy=0;entryX=1;entryY=1;entryDx=0;entryDy=0;" edge="1" parent="1" target="sxfOcOApM7JOm6uP5Xw9-39">
          <mxGeometry width="50" height="50" relative="1" as="geometry">
            <mxPoint x="650" y="525" as="sourcePoint" />
            <mxPoint x="610" y="520" as="targetPoint" />
          </mxGeometry>
        </mxCell>
        <mxCell id="sxfOcOApM7JOm6uP5Xw9-111" value="" style="endArrow=none;html=1;rounded=0;fontSize=12;startSize=8;endSize=8;curved=1;exitX=1;exitY=0;exitDx=0;exitDy=0;entryX=1;entryY=1;entryDx=0;entryDy=0;" edge="1" parent="1" source="sxfOcOApM7JOm6uP5Xw9-45">
          <mxGeometry width="50" height="50" relative="1" as="geometry">
            <mxPoint x="480" y="525" as="sourcePoint" />
            <mxPoint x="440" y="490" as="targetPoint" />
          </mxGeometry>
        </mxCell>
        <mxCell id="sxfOcOApM7JOm6uP5Xw9-112" value="" style="endArrow=none;html=1;rounded=0;fontSize=12;startSize=8;endSize=8;curved=1;exitX=1;exitY=0;exitDx=0;exitDy=0;entryX=0;entryY=0.25;entryDx=0;entryDy=0;" edge="1" parent="1" target="sxfOcOApM7JOm6uP5Xw9-39">
          <mxGeometry width="50" height="50" relative="1" as="geometry">
            <mxPoint x="401" y="425" as="sourcePoint" />
            <mxPoint x="430" y="400" as="targetPoint" />
          </mxGeometry>
        </mxCell>
        <mxCell id="sxfOcOApM7JOm6uP5Xw9-113" value="" style="endArrow=none;html=1;rounded=0;fontSize=12;startSize=8;endSize=8;curved=1;exitX=0;exitY=0;exitDx=0;exitDy=0;entryX=0;entryY=0.25;entryDx=0;entryDy=0;" edge="1" parent="1" source="sxfOcOApM7JOm6uP5Xw9-39">
          <mxGeometry width="50" height="50" relative="1" as="geometry">
            <mxPoint x="405" y="380" as="sourcePoint" />
            <mxPoint x="444" y="370" as="targetPoint" />
          </mxGeometry>
        </mxCell>
        <mxCell id="sxfOcOApM7JOm6uP5Xw9-115" value="" style="endArrow=none;html=1;rounded=0;fontSize=12;startSize=8;endSize=8;curved=1;exitX=1;exitY=0;exitDx=0;exitDy=0;" edge="1" parent="1" source="sxfOcOApM7JOm6uP5Xw9-58">
          <mxGeometry width="50" height="50" relative="1" as="geometry">
            <mxPoint x="390" y="830" as="sourcePoint" />
            <mxPoint x="440" y="780" as="targetPoint" />
          </mxGeometry>
        </mxCell>
        <mxCell id="sxfOcOApM7JOm6uP5Xw9-116" value="" style="endArrow=none;html=1;rounded=0;fontSize=12;startSize=8;endSize=8;curved=1;exitX=0;exitY=0;exitDx=0;exitDy=0;entryX=0.75;entryY=1;entryDx=0;entryDy=0;" edge="1" parent="1" source="sxfOcOApM7JOm6uP5Xw9-55" target="sxfOcOApM7JOm6uP5Xw9-54">
          <mxGeometry width="50" height="50" relative="1" as="geometry">
            <mxPoint x="450" y="825" as="sourcePoint" />
            <mxPoint x="479" y="800" as="targetPoint" />
          </mxGeometry>
        </mxCell>
        <mxCell id="sxfOcOApM7JOm6uP5Xw9-117" value="" style="endArrow=none;html=1;rounded=0;fontSize=12;startSize=8;endSize=8;curved=1;exitX=0.5;exitY=0;exitDx=0;exitDy=0;entryX=0.75;entryY=1;entryDx=0;entryDy=0;" edge="1" parent="1" source="sxfOcOApM7JOm6uP5Xw9-60">
          <mxGeometry width="50" height="50" relative="1" as="geometry">
            <mxPoint x="602" y="805" as="sourcePoint" />
            <mxPoint x="530" y="780" as="targetPoint" />
          </mxGeometry>
        </mxCell>
        <mxCell id="sxfOcOApM7JOm6uP5Xw9-118" value="" style="endArrow=none;html=1;rounded=0;fontSize=12;startSize=8;endSize=8;curved=1;exitX=0.5;exitY=0;exitDx=0;exitDy=0;entryX=0.75;entryY=1;entryDx=0;entryDy=0;" edge="1" parent="1" source="sxfOcOApM7JOm6uP5Xw9-59">
          <mxGeometry width="50" height="50" relative="1" as="geometry">
            <mxPoint x="585" y="910" as="sourcePoint" />
            <mxPoint x="490" y="780" as="targetPoint" />
          </mxGeometry>
        </mxCell>
        <mxCell id="sxfOcOApM7JOm6uP5Xw9-119" value="" style="endArrow=none;html=1;rounded=0;fontSize=12;startSize=8;endSize=8;curved=1;exitX=0.5;exitY=0;exitDx=0;exitDy=0;entryX=0.75;entryY=1;entryDx=0;entryDy=0;" edge="1" parent="1" source="sxfOcOApM7JOm6uP5Xw9-57">
          <mxGeometry width="50" height="50" relative="1" as="geometry">
            <mxPoint x="465" y="910" as="sourcePoint" />
            <mxPoint x="520" y="780" as="targetPoint" />
          </mxGeometry>
        </mxCell>
        <mxCell id="sxfOcOApM7JOm6uP5Xw9-120" value="" style="endArrow=none;html=1;rounded=0;fontSize=12;startSize=8;endSize=8;curved=1;exitX=0.5;exitY=0;exitDx=0;exitDy=0;" edge="1" parent="1" source="sxfOcOApM7JOm6uP5Xw9-66">
          <mxGeometry width="50" height="50" relative="1" as="geometry">
            <mxPoint x="50" y="700" as="sourcePoint" />
            <mxPoint x="100" y="650" as="targetPoint" />
          </mxGeometry>
        </mxCell>
        <mxCell id="sxfOcOApM7JOm6uP5Xw9-121" value="" style="endArrow=none;html=1;rounded=0;fontSize=12;startSize=8;endSize=8;curved=1;exitX=0.003;exitY=0.059;exitDx=0;exitDy=0;exitPerimeter=0;" edge="1" parent="1" source="sxfOcOApM7JOm6uP5Xw9-66" target="sxfOcOApM7JOm6uP5Xw9-73">
          <mxGeometry width="50" height="50" relative="1" as="geometry">
            <mxPoint x="100" y="690" as="sourcePoint" />
            <mxPoint x="115" y="660" as="targetPoint" />
          </mxGeometry>
        </mxCell>
        <mxCell id="sxfOcOApM7JOm6uP5Xw9-122" value="" style="endArrow=none;html=1;rounded=0;fontSize=12;startSize=8;endSize=8;curved=1;exitX=0;exitY=0.75;exitDx=0;exitDy=0;entryX=1;entryY=0;entryDx=0;entryDy=0;" edge="1" parent="1" source="sxfOcOApM7JOm6uP5Xw9-66" target="sxfOcOApM7JOm6uP5Xw9-74">
          <mxGeometry width="50" height="50" relative="1" as="geometry">
            <mxPoint x="-16" y="743.5" as="sourcePoint" />
            <mxPoint x="-54" y="716.5" as="targetPoint" />
          </mxGeometry>
        </mxCell>
        <mxCell id="sxfOcOApM7JOm6uP5Xw9-123" value="" style="endArrow=none;html=1;rounded=0;fontSize=12;startSize=8;endSize=8;curved=1;exitX=0.5;exitY=1;exitDx=0;exitDy=0;entryX=0.5;entryY=0;entryDx=0;entryDy=0;" edge="1" parent="1" source="sxfOcOApM7JOm6uP5Xw9-66" target="sxfOcOApM7JOm6uP5Xw9-75">
          <mxGeometry width="50" height="50" relative="1" as="geometry">
            <mxPoint x="49" y="760" as="sourcePoint" />
            <mxPoint x="10" y="770" as="targetPoint" />
          </mxGeometry>
        </mxCell>
        <mxCell id="sxfOcOApM7JOm6uP5Xw9-124" value="" style="endArrow=none;html=1;rounded=0;fontSize=12;startSize=8;endSize=8;curved=1;entryX=0;entryY=0.5;entryDx=0;entryDy=0;exitX=1;exitY=0.25;exitDx=0;exitDy=0;" edge="1" parent="1" source="sxfOcOApM7JOm6uP5Xw9-69" target="sxfOcOApM7JOm6uP5Xw9-84">
          <mxGeometry width="50" height="50" relative="1" as="geometry">
            <mxPoint x="1110" y="750" as="sourcePoint" />
            <mxPoint x="1160" y="700" as="targetPoint" />
          </mxGeometry>
        </mxCell>
        <mxCell id="sxfOcOApM7JOm6uP5Xw9-125" value="" style="endArrow=none;html=1;rounded=0;fontSize=12;startSize=8;endSize=8;curved=1;entryX=0.5;entryY=0;entryDx=0;entryDy=0;exitX=1;exitY=0.5;exitDx=0;exitDy=0;" edge="1" parent="1" source="sxfOcOApM7JOm6uP5Xw9-69" target="sxfOcOApM7JOm6uP5Xw9-83">
          <mxGeometry width="50" height="50" relative="1" as="geometry">
            <mxPoint x="1110" y="750" as="sourcePoint" />
            <mxPoint x="1160" y="700" as="targetPoint" />
          </mxGeometry>
        </mxCell>
        <mxCell id="sxfOcOApM7JOm6uP5Xw9-126" value="" style="endArrow=none;html=1;rounded=0;fontSize=12;startSize=8;endSize=8;curved=1;entryX=0.5;entryY=1;entryDx=0;entryDy=0;exitX=0.537;exitY=-0.01;exitDx=0;exitDy=0;exitPerimeter=0;" edge="1" parent="1" source="sxfOcOApM7JOm6uP5Xw9-69" target="sxfOcOApM7JOm6uP5Xw9-85">
          <mxGeometry width="50" height="50" relative="1" as="geometry">
            <mxPoint x="1110" y="750" as="sourcePoint" />
            <mxPoint x="1160" y="700" as="targetPoint" />
          </mxGeometry>
        </mxCell>
        <mxCell id="sxfOcOApM7JOm6uP5Xw9-127" value="" style="endArrow=none;html=1;rounded=0;fontSize=12;startSize=8;endSize=8;curved=1;entryX=0.5;entryY=0;entryDx=0;entryDy=0;exitX=0.5;exitY=1;exitDx=0;exitDy=0;" edge="1" parent="1" source="sxfOcOApM7JOm6uP5Xw9-69" target="sxfOcOApM7JOm6uP5Xw9-81">
          <mxGeometry width="50" height="50" relative="1" as="geometry">
            <mxPoint x="1050" y="689" as="sourcePoint" />
            <mxPoint x="1054" y="650" as="targetPoint" />
          </mxGeometry>
        </mxCell>
        <mxCell id="sxfOcOApM7JOm6uP5Xw9-128" value="" style="endArrow=none;dashed=1;html=1;rounded=0;fontSize=12;startSize=8;endSize=8;curved=1;entryX=0.5;entryY=1;entryDx=0;entryDy=0;exitX=0.5;exitY=0;exitDx=0;exitDy=0;" edge="1" parent="1" source="sxfOcOApM7JOm6uP5Xw9-54" target="sxfOcOApM7JOm6uP5Xw9-39">
          <mxGeometry width="50" height="50" relative="1" as="geometry">
            <mxPoint x="530" y="600" as="sourcePoint" />
            <mxPoint x="580" y="550" as="targetPoint" />
          </mxGeometry>
        </mxCell>
        <mxCell id="sxfOcOApM7JOm6uP5Xw9-129" value="Indirektna veza" style="text;strokeColor=none;fillColor=none;html=1;align=center;verticalAlign=middle;whiteSpace=wrap;rounded=0;fontSize=16;" vertex="1" parent="1">
          <mxGeometry x="510" y="575" width="110" height="50" as="geometry" />
        </mxCell>
      </root>
    </mxGraphModel>
  </diagram>
  <diagram name="SSA-Nivo1" id="0EgUhYBxryrkmuWMvg_X">
    <mxGraphModel dx="1301" dy="1784" grid="1" gridSize="10" guides="1" tooltips="1" connect="1" arrows="1" fold="1" page="0" pageScale="1" pageWidth="850" pageHeight="1100" math="0" shadow="0">
      <root>
        <mxCell id="0" />
        <mxCell id="1" parent="0" />
        <mxCell id="_6FQSBZg9plzFpqyyktp-3" style="edgeStyle=none;curved=1;rounded=0;orthogonalLoop=1;jettySize=auto;html=1;exitX=0.75;exitY=0;exitDx=0;exitDy=0;fontSize=12;startSize=8;endSize=8;" edge="1" parent="1">
          <mxGeometry relative="1" as="geometry">
            <mxPoint x="282.5" y="-130" as="sourcePoint" />
            <mxPoint x="282.5" y="-130" as="targetPoint" />
          </mxGeometry>
        </mxCell>
        <mxCell id="_6FQSBZg9plzFpqyyktp-5" value="" style="ellipse;whiteSpace=wrap;html=1;aspect=fixed;" vertex="1" parent="1">
          <mxGeometry x="260" y="-230" width="390" height="390" as="geometry" />
        </mxCell>
        <mxCell id="_6FQSBZg9plzFpqyyktp-7" value="" style="rounded=1;whiteSpace=wrap;html=1;" vertex="1" parent="1">
          <mxGeometry x="345" y="-10" width="220" height="70" as="geometry" />
        </mxCell>
        <mxCell id="_6FQSBZg9plzFpqyyktp-8" value="" style="rounded=1;whiteSpace=wrap;html=1;" vertex="1" parent="1">
          <mxGeometry x="20" y="-390" width="220" height="70" as="geometry" />
        </mxCell>
        <mxCell id="_6FQSBZg9plzFpqyyktp-9" value="" style="rounded=1;whiteSpace=wrap;html=1;" vertex="1" parent="1">
          <mxGeometry x="345" y="-490" width="220" height="70" as="geometry" />
        </mxCell>
        <mxCell id="_6FQSBZg9plzFpqyyktp-10" value="" style="rounded=1;whiteSpace=wrap;html=1;" vertex="1" parent="1">
          <mxGeometry x="720" y="-390" width="220" height="70" as="geometry" />
        </mxCell>
        <mxCell id="_6FQSBZg9plzFpqyyktp-11" value="Korisnik" style="text;strokeColor=none;fillColor=none;html=1;fontSize=24;fontStyle=1;verticalAlign=middle;align=center;" vertex="1" parent="1">
          <mxGeometry x="80" y="-375" width="100" height="40" as="geometry" />
        </mxCell>
        <mxCell id="_6FQSBZg9plzFpqyyktp-12" value="Administratori" style="text;strokeColor=none;fillColor=none;html=1;fontSize=24;fontStyle=1;verticalAlign=middle;align=center;" vertex="1" parent="1">
          <mxGeometry x="405" y="-475" width="100" height="40" as="geometry" />
        </mxCell>
        <mxCell id="_6FQSBZg9plzFpqyyktp-13" value="Banka" style="text;strokeColor=none;fillColor=none;html=1;fontSize=24;fontStyle=1;verticalAlign=middle;align=center;" vertex="1" parent="1">
          <mxGeometry x="780" y="-375" width="100" height="40" as="geometry" />
        </mxCell>
        <mxCell id="_6FQSBZg9plzFpqyyktp-14" value="Upravljanje kvalitetom&lt;div&gt;&amp;nbsp;u&amp;nbsp;&lt;span style=&quot;background-color: transparent; color: light-dark(rgb(0, 0, 0), rgb(255, 255, 255));&quot;&gt;online placanju&lt;/span&gt;&lt;/div&gt;" style="text;strokeColor=none;fillColor=none;html=1;fontSize=24;fontStyle=1;verticalAlign=middle;align=center;" vertex="1" parent="1">
          <mxGeometry x="405" y="-130" width="100" height="40" as="geometry" />
        </mxCell>
        <mxCell id="_6FQSBZg9plzFpqyyktp-15" value="QA Tim" style="text;strokeColor=none;fillColor=none;html=1;fontSize=24;fontStyle=1;verticalAlign=middle;align=center;" vertex="1" parent="1">
          <mxGeometry x="400" y="5" width="100" height="40" as="geometry" />
        </mxCell>
        <mxCell id="_6FQSBZg9plzFpqyyktp-16" value="" style="endArrow=classic;html=1;rounded=0;fontSize=12;startSize=8;endSize=8;curved=1;exitX=0.986;exitY=0.986;exitDx=0;exitDy=0;exitPerimeter=0;" edge="1" parent="1" source="_6FQSBZg9plzFpqyyktp-8" target="_6FQSBZg9plzFpqyyktp-5">
          <mxGeometry width="50" height="50" relative="1" as="geometry">
            <mxPoint x="240" y="-320" as="sourcePoint" />
            <mxPoint x="520" y="-150" as="targetPoint" />
          </mxGeometry>
        </mxCell>
        <mxCell id="_6FQSBZg9plzFpqyyktp-17" value="" style="endArrow=classic;html=1;rounded=0;fontSize=12;startSize=8;endSize=8;curved=1;" edge="1" parent="1" source="_6FQSBZg9plzFpqyyktp-5">
          <mxGeometry width="50" height="50" relative="1" as="geometry">
            <mxPoint x="300" y="-150" as="sourcePoint" />
            <mxPoint x="170" y="-320" as="targetPoint" />
          </mxGeometry>
        </mxCell>
        <UserObject label="Salje zahteve za placanje" placeholders="1" name="Variable" id="_6FQSBZg9plzFpqyyktp-18">
          <mxCell style="text;html=1;strokeColor=none;fillColor=none;align=center;verticalAlign=middle;whiteSpace=wrap;overflow=hidden;rotation=50;" vertex="1" parent="1">
            <mxGeometry x="250" y="-310" width="80" height="40" as="geometry" />
          </mxCell>
        </UserObject>
        <UserObject label="dobija potvrde" placeholders="1" name="Variable" id="_6FQSBZg9plzFpqyyktp-19">
          <mxCell style="text;html=1;strokeColor=none;fillColor=none;align=center;verticalAlign=middle;whiteSpace=wrap;overflow=hidden;rotation=45;" vertex="1" parent="1">
            <mxGeometry x="180" y="-270" width="80" height="40" as="geometry" />
          </mxCell>
        </UserObject>
        <mxCell id="_6FQSBZg9plzFpqyyktp-20" value="" style="endArrow=classic;html=1;rounded=0;fontSize=12;startSize=8;endSize=8;curved=1;exitX=0.986;exitY=0.986;exitDx=0;exitDy=0;exitPerimeter=0;entryX=0.482;entryY=0.001;entryDx=0;entryDy=0;entryPerimeter=0;" edge="1" parent="1" target="_6FQSBZg9plzFpqyyktp-5">
          <mxGeometry width="50" height="50" relative="1" as="geometry">
            <mxPoint x="450" y="-420" as="sourcePoint" />
            <mxPoint x="550" y="-289" as="targetPoint" />
          </mxGeometry>
        </mxCell>
        <UserObject label="Konfigurise" placeholders="1" name="Variable" id="_6FQSBZg9plzFpqyyktp-21">
          <mxCell style="text;html=1;strokeColor=none;fillColor=none;align=center;verticalAlign=middle;whiteSpace=wrap;overflow=hidden;rotation=0;" vertex="1" parent="1">
            <mxGeometry x="450.00239324984113" y="-360.00247008151007" width="80" height="40" as="geometry" />
          </mxCell>
        </UserObject>
        <mxCell id="_6FQSBZg9plzFpqyyktp-22" value="" style="endArrow=classic;html=1;rounded=0;fontSize=12;startSize=8;endSize=8;curved=1;exitX=0.986;exitY=0.986;exitDx=0;exitDy=0;exitPerimeter=0;entryX=0.846;entryY=0.128;entryDx=0;entryDy=0;entryPerimeter=0;" edge="1" parent="1" target="_6FQSBZg9plzFpqyyktp-5">
          <mxGeometry width="50" height="50" relative="1" as="geometry">
            <mxPoint x="720" y="-330" as="sourcePoint" />
            <mxPoint x="820" y="-199" as="targetPoint" />
          </mxGeometry>
        </mxCell>
        <UserObject label="Proverava transakcije" placeholders="1" name="Variable" id="_6FQSBZg9plzFpqyyktp-23">
          <mxCell style="text;html=1;strokeColor=none;fillColor=none;align=center;verticalAlign=middle;whiteSpace=wrap;overflow=hidden;rotation=-50;" vertex="1" parent="1">
            <mxGeometry x="580" y="-280" width="130" height="40" as="geometry" />
          </mxCell>
        </UserObject>
        <UserObject label="Obezbedjuje fondove" placeholders="1" name="Variable" id="_6FQSBZg9plzFpqyyktp-24">
          <mxCell style="text;html=1;strokeColor=none;fillColor=none;align=center;verticalAlign=middle;whiteSpace=wrap;overflow=hidden;rotation=-50;" vertex="1" parent="1">
            <mxGeometry x="640.0020834920045" y="-250.00135900353564" width="130" height="40" as="geometry" />
          </mxCell>
        </UserObject>
        <mxCell id="_6FQSBZg9plzFpqyyktp-25" value="" style="endArrow=classic;html=1;rounded=0;fontSize=12;startSize=8;endSize=8;curved=1;exitX=0.986;exitY=0.986;exitDx=0;exitDy=0;exitPerimeter=0;entryX=0.919;entryY=0.215;entryDx=0;entryDy=0;entryPerimeter=0;" edge="1" parent="1" target="_6FQSBZg9plzFpqyyktp-5">
          <mxGeometry width="50" height="50" relative="1" as="geometry">
            <mxPoint x="760" y="-320" as="sourcePoint" />
            <mxPoint x="630" y="-170" as="targetPoint" />
          </mxGeometry>
        </mxCell>
        <mxCell id="_6FQSBZg9plzFpqyyktp-26" value="" style="curved=1;endArrow=classic;html=1;rounded=0;fontSize=12;startSize=8;endSize=8;entryX=0.223;entryY=1.045;entryDx=0;entryDy=0;entryPerimeter=0;" edge="1" parent="1" target="_6FQSBZg9plzFpqyyktp-8">
          <mxGeometry width="50" height="50" relative="1" as="geometry">
            <mxPoint x="260" y="-50" as="sourcePoint" />
            <mxPoint x="310" y="-100" as="targetPoint" />
            <Array as="points">
              <mxPoint x="270" y="-50" />
              <mxPoint x="-150" y="-50" />
              <mxPoint x="100" y="-90" />
              <mxPoint x="260" y="-100" />
              <mxPoint x="-20" y="-200" />
            </Array>
          </mxGeometry>
        </mxCell>
        <mxCell id="_6FQSBZg9plzFpqyyktp-27" value="" style="curved=1;endArrow=classic;html=1;rounded=0;fontSize=12;startSize=8;endSize=8;entryX=0.855;entryY=1.015;entryDx=0;entryDy=0;entryPerimeter=0;" edge="1" parent="1" target="_6FQSBZg9plzFpqyyktp-10">
          <mxGeometry width="50" height="50" relative="1" as="geometry">
            <mxPoint x="650" y="-30" as="sourcePoint" />
            <mxPoint x="700" y="-80" as="targetPoint" />
            <Array as="points">
              <mxPoint x="700" y="-30" />
              <mxPoint x="930" y="-40" />
              <mxPoint x="650" y="-80" />
              <mxPoint x="930" y="-130" />
            </Array>
          </mxGeometry>
        </mxCell>
        <mxCell id="_6FQSBZg9plzFpqyyktp-28" value="" style="curved=1;endArrow=classic;html=1;rounded=0;fontSize=12;startSize=8;endSize=8;entryX=0.985;entryY=0.98;entryDx=0;entryDy=0;entryPerimeter=0;" edge="1" parent="1" target="_6FQSBZg9plzFpqyyktp-9">
          <mxGeometry width="50" height="50" relative="1" as="geometry">
            <mxPoint x="515" y="-220" as="sourcePoint" />
            <mxPoint x="580" y="-410" as="targetPoint" />
            <Array as="points">
              <mxPoint x="565" y="-220" />
              <mxPoint x="515" y="-270" />
              <mxPoint x="630" y="-330" />
            </Array>
          </mxGeometry>
        </mxCell>
        <UserObject label="Vraca odgovore" placeholders="1" name="Variable" id="_6FQSBZg9plzFpqyyktp-29">
          <mxCell style="text;html=1;strokeColor=none;fillColor=none;align=center;verticalAlign=middle;whiteSpace=wrap;overflow=hidden;rotation=0;" vertex="1" parent="1">
            <mxGeometry x="85" y="-80" width="90" height="40" as="geometry" />
          </mxCell>
        </UserObject>
        <UserObject label="Obavestava o statusu" placeholders="1" name="Variable" id="_6FQSBZg9plzFpqyyktp-30">
          <mxCell style="text;html=1;strokeColor=none;fillColor=none;align=center;verticalAlign=middle;whiteSpace=wrap;overflow=hidden;rotation=0;" vertex="1" parent="1">
            <mxGeometry x="70" y="-55" width="120" height="40" as="geometry" />
          </mxCell>
        </UserObject>
        <UserObject label="Vraca odgovore" placeholders="1" name="Variable" id="_6FQSBZg9plzFpqyyktp-31">
          <mxCell style="text;html=1;strokeColor=none;fillColor=none;align=center;verticalAlign=middle;whiteSpace=wrap;overflow=hidden;rotation=0;" vertex="1" parent="1">
            <mxGeometry x="690" y="-60" width="90" height="40" as="geometry" />
          </mxCell>
        </UserObject>
        <UserObject label="Obavestava o statusu" placeholders="1" name="Variable" id="_6FQSBZg9plzFpqyyktp-32">
          <mxCell style="text;html=1;strokeColor=none;fillColor=none;align=center;verticalAlign=middle;whiteSpace=wrap;overflow=hidden;rotation=0;" vertex="1" parent="1">
            <mxGeometry x="675" y="-40" width="120" height="40" as="geometry" />
          </mxCell>
        </UserObject>
        <UserObject label="Vraca odgovore" placeholders="1" name="Variable" id="_6FQSBZg9plzFpqyyktp-33">
          <mxCell style="text;html=1;strokeColor=none;fillColor=none;align=center;verticalAlign=middle;whiteSpace=wrap;overflow=hidden;rotation=0;" vertex="1" parent="1">
            <mxGeometry x="580" y="-415" width="90" height="40" as="geometry" />
          </mxCell>
        </UserObject>
        <UserObject label="Obavestava o statusu" placeholders="1" name="Variable" id="_6FQSBZg9plzFpqyyktp-34">
          <mxCell style="text;html=1;strokeColor=none;fillColor=none;align=center;verticalAlign=middle;whiteSpace=wrap;overflow=hidden;rotation=0;" vertex="1" parent="1">
            <mxGeometry x="590" y="-400" width="120" height="40" as="geometry" />
          </mxCell>
        </UserObject>
      </root>
    </mxGraphModel>
  </diagram>
  <diagram id="qN_-l-akEyABuZmfRNaT" name="SSA-Nivo2">
    <mxGraphModel dx="1665" dy="787" grid="1" gridSize="10" guides="1" tooltips="1" connect="1" arrows="1" fold="1" page="1" pageScale="1" pageWidth="850" pageHeight="1100" math="0" shadow="0">
      <root>
        <mxCell id="0" />
        <mxCell id="1" parent="0" />
        <mxCell id="ElOXnnPhnQr6GltjS3D_-1" value="SISTEM ZA ONLINE PLAĆANJA - NIVO 2 SSA" style="text;html=1;strokeColor=none;fillColor=none;align=center;verticalAlign=middle;whiteSpace=wrap;rounded=0;fontSize=20;fontStyle=1" parent="1" vertex="1">
          <mxGeometry x="570" y="210" width="400" height="40" as="geometry" />
        </mxCell>
        <mxCell id="ElOXnnPhnQr6GltjS3D_-2" value="KORISNIK" style="rounded=1;whiteSpace=wrap;html=1;fillColor=#dae8fc;strokeColor=#6c8ebf;fontSize=16;fontStyle=1" parent="1" vertex="1">
          <mxGeometry x="240" y="290" width="150" height="60" as="geometry" />
        </mxCell>
        <mxCell id="ElOXnnPhnQr6GltjS3D_-3" value="2.1. Prijava na sistem" style="rounded=1;whiteSpace=wrap;html=1;fillColor=#d5e8d4;strokeColor=#82b366;fontSize=12" parent="1" vertex="1">
          <mxGeometry x="240" y="370" width="150" height="40" as="geometry" />
        </mxCell>
        <mxCell id="ElOXnnPhnQr6GltjS3D_-4" value="2.2. Slanje upita" style="rounded=1;whiteSpace=wrap;html=1;fillColor=#d5e8d4;strokeColor=#82b366;fontSize=12" parent="1" vertex="1">
          <mxGeometry x="240" y="430" width="150" height="40" as="geometry" />
        </mxCell>
        <mxCell id="ElOXnnPhnQr6GltjS3D_-5" value="2.3. Provera statusa" style="rounded=1;whiteSpace=wrap;html=1;fillColor=#d5e8d4;strokeColor=#82b366;fontSize=12" parent="1" vertex="1">
          <mxGeometry x="240" y="490" width="150" height="40" as="geometry" />
        </mxCell>
        <mxCell id="ElOXnnPhnQr6GltjS3D_-6" value="UPRAVLJANJE KVALITETOM" style="rounded=1;whiteSpace=wrap;html=1;fillColor=#fff2cc;strokeColor=#d6b656;fontSize=16;fontStyle=1" parent="1" vertex="1">
          <mxGeometry x="690" y="280" width="200" height="60" as="geometry" />
        </mxCell>
        <mxCell id="ElOXnnPhnQr6GltjS3D_-7" value="2.1. Analiza incidenata" style="rounded=1;whiteSpace=wrap;html=1;fillColor=#f8cecc;strokeColor=#b85450;fontSize=12" parent="1" vertex="1">
          <mxGeometry x="690" y="360" width="200" height="40" as="geometry" />
        </mxCell>
        <mxCell id="ElOXnnPhnQr6GltjS3D_-8" value="2.2. Testiranje sistema" style="rounded=1;whiteSpace=wrap;html=1;fillColor=#f8cecc;strokeColor=#b85450;fontSize=12" parent="1" vertex="1">
          <mxGeometry x="690" y="420" width="200" height="40" as="geometry" />
        </mxCell>
        <mxCell id="ElOXnnPhnQr6GltjS3D_-9" value="2.3. Unapređenje procesa" style="rounded=1;whiteSpace=wrap;html=1;fillColor=#f8cecc;strokeColor=#b85450;fontSize=12" parent="1" vertex="1">
          <mxGeometry x="690" y="480" width="200" height="40" as="geometry" />
        </mxCell>
        <mxCell id="ElOXnnPhnQr6GltjS3D_-10" value="QA TIM" style="rounded=1;whiteSpace=wrap;html=1;fillColor=#e1d5e7;strokeColor=#9673a6;fontSize=16;fontStyle=1" parent="1" vertex="1">
          <mxGeometry x="1150" y="290" width="150" height="60" as="geometry" />
        </mxCell>
        <mxCell id="ElOXnnPhnQr6GltjS3D_-11" value="2.1. Kreiranje test plana" style="rounded=1;whiteSpace=wrap;html=1;fillColor=#ffe6cc;strokeColor=#d79b00;fontSize=12" parent="1" vertex="1">
          <mxGeometry x="1150" y="370" width="150" height="40" as="geometry" />
        </mxCell>
        <mxCell id="ElOXnnPhnQr6GltjS3D_-12" value="2.2. Izvršavanje testova" style="rounded=1;whiteSpace=wrap;html=1;fillColor=#ffe6cc;strokeColor=#d79b00;fontSize=12" parent="1" vertex="1">
          <mxGeometry x="1150" y="430" width="150" height="40" as="geometry" />
        </mxCell>
        <mxCell id="ElOXnnPhnQr6GltjS3D_-13" value="2.3. Komunikacija sa dev." style="rounded=1;whiteSpace=wrap;html=1;fillColor=#ffe6cc;strokeColor=#d79b00;fontSize=12" parent="1" vertex="1">
          <mxGeometry x="1150" y="490" width="150" height="40" as="geometry" />
        </mxCell>
        <mxCell id="ElOXnnPhnQr6GltjS3D_-14" value="" style="endArrow=classic;html=1;rounded=0;strokeWidth=2;strokeColor=#000000;entryX=0.5;entryY=0;exitX=0.5;exitY=1;" parent="1" source="ElOXnnPhnQr6GltjS3D_-2" target="ElOXnnPhnQr6GltjS3D_-3" edge="1">
          <mxGeometry width="50" height="50" relative="1" as="geometry">
            <mxPoint x="450" y="330" as="sourcePoint" />
            <mxPoint x="500" y="280" as="targetPoint" />
          </mxGeometry>
        </mxCell>
        <mxCell id="ElOXnnPhnQr6GltjS3D_-15" value="" style="endArrow=classic;html=1;rounded=0;strokeWidth=2;strokeColor=#000000;entryX=0.5;entryY=0;exitX=0.5;exitY=1;" parent="1" source="ElOXnnPhnQr6GltjS3D_-3" target="ElOXnnPhnQr6GltjS3D_-4" edge="1">
          <mxGeometry width="50" height="50" relative="1" as="geometry">
            <mxPoint x="315" y="390" as="sourcePoint" />
            <mxPoint x="365" y="340" as="targetPoint" />
          </mxGeometry>
        </mxCell>
        <mxCell id="ElOXnnPhnQr6GltjS3D_-16" value="" style="endArrow=classic;html=1;rounded=0;strokeWidth=2;strokeColor=#000000;entryX=0.5;entryY=0;exitX=0.5;exitY=1;" parent="1" source="ElOXnnPhnQr6GltjS3D_-4" target="ElOXnnPhnQr6GltjS3D_-5" edge="1">
          <mxGeometry width="50" height="50" relative="1" as="geometry">
            <mxPoint x="315" y="450" as="sourcePoint" />
            <mxPoint x="365" y="400" as="targetPoint" />
          </mxGeometry>
        </mxCell>
        <mxCell id="ElOXnnPhnQr6GltjS3D_-17" value="Upiti" style="endArrow=classic;html=1;rounded=0;strokeWidth=2;strokeColor=#ff0000;entryX=0;entryY=0.5;exitX=1;exitY=0.5;entryDx=0;entryDy=0;exitDx=0;exitDy=0;" parent="1" source="ElOXnnPhnQr6GltjS3D_-4" target="ElOXnnPhnQr6GltjS3D_-7" edge="1">
          <mxGeometry width="50" height="50" relative="1" as="geometry">
            <mxPoint x="600" y="440" as="sourcePoint" />
            <mxPoint x="650" y="390" as="targetPoint" />
          </mxGeometry>
        </mxCell>
        <mxCell id="ElOXnnPhnQr6GltjS3D_-18" value="Rezultati testova" style="endArrow=classic;html=1;rounded=0;strokeWidth=2;strokeColor=#0000ff;entryX=1;entryY=0.5;exitX=0;exitY=0.5;" parent="1" source="ElOXnnPhnQr6GltjS3D_-12" target="ElOXnnPhnQr6GltjS3D_-8" edge="1">
          <mxGeometry width="50" height="50" relative="1" as="geometry">
            <mxPoint x="900" y="440" as="sourcePoint" />
            <mxPoint x="950" y="390" as="targetPoint" />
          </mxGeometry>
        </mxCell>
        <mxCell id="ElOXnnPhnQr6GltjS3D_-19" value="Izveštaji o greškama" style="endArrow=classic;html=1;rounded=0;strokeWidth=2;strokeColor=#00ff00;entryX=1;entryY=0.5;exitX=0;exitY=0.5;" parent="1" source="ElOXnnPhnQr6GltjS3D_-13" target="ElOXnnPhnQr6GltjS3D_-9" edge="1">
          <mxGeometry width="50" height="50" relative="1" as="geometry">
            <mxPoint x="900" y="500" as="sourcePoint" />
            <mxPoint x="950" y="450" as="targetPoint" />
          </mxGeometry>
        </mxCell>
        <mxCell id="ElOXnnPhnQr6GltjS3D_-20" value="Poboljšanja" style="endArrow=classic;html=1;rounded=0;strokeWidth=2;strokeColor=#ff00ff;entryX=0;entryY=0.5;exitX=1;exitY=0.5;" parent="1" source="ElOXnnPhnQr6GltjS3D_-9" target="ElOXnnPhnQr6GltjS3D_-5" edge="1">
          <mxGeometry width="50" height="50" relative="1" as="geometry">
            <mxPoint x="750" y="500" as="sourcePoint" />
            <mxPoint x="800" y="450" as="targetPoint" />
          </mxGeometry>
        </mxCell>
        <mxCell id="ElOXnnPhnQr6GltjS3D_-21" value="Feedback petlja" style="endArrow=classic;html=1;rounded=0;strokeWidth=2;strokeColor=#666666;dashed=1;entryX=0.5;entryY=1;exitX=0.5;exitY=0;" parent="1" source="ElOXnnPhnQr6GltjS3D_-5" target="ElOXnnPhnQr6GltjS3D_-11" edge="1">
          <mxGeometry x="-0.2617" y="11" width="50" height="50" relative="1" as="geometry">
            <mxPoint x="740" y="580" as="sourcePoint" />
            <mxPoint x="790" y="530" as="targetPoint" />
            <mxPoint as="offset" />
          </mxGeometry>
        </mxCell>
      </root>
    </mxGraphModel>
  </diagram>
</mxfile>
